Date,Symbol,Company,Open,DayHigh,DayLow,LastPrice,PreviousClose,Change,PChange,Volume
2025-11-13,NIFTY 50,NIFTY 50,25906.1,26010.7,25808.4,25879.15,25875.8,3.350000000002183,0.01,
2025-11-13,ASIANPAINT,ASIANPAINTEQN,2858.9,2897.1,2840.0,2874.3,2769.8,104.5,3.77,5932742.0
2025-11-13,HINDALCO,HINDALCOEQN,803.0,816.5,799.0,814.0,794.4,19.6,2.47,5850908.0
2025-11-13,INDIGO,INDIGOEQN,5838.0,5938.0,5811.0,5911.0,5795.5,115.5,1.99,1250908.0
2025-11-13,ICICIBANK,ICICIBANKEQN,1358.9,1390.4,1358.5,1385.4,1358.9,26.5,1.95,18294540.0
2025-11-13,LT,LTEQN,3954.6,4022.9,3925.6,4005.0,3954.6,50.4,1.27,1834556.0
2025-11-13,POWERGRID,POWERGRIDEQN,267.1,270.45,265.65,270.4,267.1,3.3,1.24,12573183.0
2025-11-13,BAJAJFINSV,BAJAJFINSVEQN,2045.0,2072.4,2032.3,2057.0,2035.5,21.5,1.06,1839935.0
2025-11-13,BHARTIARTL,BHARTIARTLEQN,2099.9,2107.0,2079.0,2093.0,2073.8,19.2,0.93,5958838.0
2025-11-13,CIPLA,CIPLAEQN,1520.0,1534.9,1515.4,1528.1,1519.3,8.8,0.58,1217293.0
2025-11-13,AXISBANK,AXISBANKEQN,1219.0,1234.8,1213.2,1228.3,1221.6,6.7,0.55,3345280.0
2025-11-13,GRASIM,GRASIMEQN,2766.6,2785.0,2746.2,2782.0,2767.4,14.6,0.53,686950.0
2025-11-13,JIOFIN,JIOFINEQN,310.0,316.6,309.7,311.0,309.5,1.5,0.48,15761850.0
2025-11-13,DRREDDY,DRREDDYEQN,1235.8,1242.4,1227.3,1234.4,1229.6,4.8,0.39,1427399.0
2025-11-13,SUNPHARMA,SUNPHARMAEQN,1734.5,1747.8,1725.4,1737.9,1732.1,5.8,0.33,1727590.0
2025-11-13,HCLTECH,HCLTECHEQN,1599.4,1605.0,1580.0,1597.3,1594.0,3.3,0.21,1943807.0
2025-11-13,MARUTI,MARUTIEQN,15661.0,15800.0,15660.0,15725.0,15696.0,29.0,0.18,250699.0
2025-11-13,ADANIENT,ADANIENTEQN,2502.0,2525.0,2468.1,2488.0,2484.5,3.5,0.14,2706151.0
2025-11-13,NTPC,NTPCEQN,327.15,329.95,325.55,327.5,327.15,0.35,0.11,7275540.0
2025-11-13,ULTRACEMCO,ULTRACEMCOEQN,11921.0,12016.0,11907.0,11931.0,11921.0,10.0,0.08,174406.0
2025-11-13,JSWSTEEL,JSWSTEELEQN,1191.7,1200.4,1178.1,1182.5,1181.8,0.7,0.06,1427089.0
2025-11-13,WIPRO,WIPROEQN,246.0,246.0,244.0,245.34,245.22,0.12,0.05,6209517.0
2025-11-13,RELIANCE,RELIANCEEQN,1515.0,1522.1,1506.8,1512.1,1511.5,0.6,0.04,7195900.0
2025-11-13,HDFCLIFE,HDFCLIFEEQN,782.9,786.5,778.3,782.95,783.1,-0.15,-0.02,2068081.0
2025-11-13,BAJAJ-AUTO,BAJAJ-AUTOEQN,8888.0,8895.5,8842.0,8863.0,8868.0,-5.0,-0.06,275993.0
2025-11-13,ITC,ITCEQN,407.0,407.5,404.5,406.5,407.0,-0.5,-0.12,6620641.0
2025-11-13,TECHM,TECHMEQN,1463.0,1463.8,1442.3,1453.0,1456.1,-3.1,-0.21,1178194.0
2025-11-13,KOTAKBANK,KOTAKBANKEQN,2089.5,2089.5,2064.6,2080.0,2084.5,-4.5,-0.22,2142371.0
2025-11-13,SBIN,SBINEQN,954.25,963.95,952.45,954.9,957.15,-2.25,-0.24,8889172.0
2025-11-13,NESTLEIND,NESTLEINDEQN,1280.0,1289.3,1270.3,1274.5,1278.2,-3.7,-0.29,691325.0
2025-11-13,TITAN,TITANEQN,3860.0,3867.9,3817.0,3839.3,3851.1,-11.8,-0.31,668592.0
2025-11-13,HDFCBANK,HDFCBANKEQN,984.0,990.1,982.6,985.75,989.5,-3.75,-0.38,14122576.0
2025-11-13,MAXHEALTH,MAXHEALTHEQN,1103.9,1110.8,1090.6,1098.7,1103.6,-4.9,-0.44,1467135.0
2025-11-13,SBILIFE,SBILIFEEQN,1980.6,2005.0,1975.5,1985.7,1996.7,-11.0,-0.55,671028.0
2025-11-13,HINDUNILVR,HINDUNILVREQN,2429.0,2431.0,2405.0,2409.9,2424.5,-14.6,-0.6,1255853.0
2025-11-13,BAJFINANCE,BAJFINANCEEQN,1012.5,1019.4,1003.5,1007.0,1013.2,-6.2,-0.61,8503975.0
2025-11-13,INFY,INFYEQN,1557.1,1557.5,1530.3,1542.0,1551.7,-9.7,-0.63,19645693.0
2025-11-13,ADANIPORTS,ADANIPORTSEQN,1515.0,1515.0,1487.8,1496.7,1506.9,-10.2,-0.68,2304754.0
2025-11-13,APOLLOHOSP,APOLLOHOSPEQN,7480.0,7509.0,7425.0,7444.0,7498.0,-54.0,-0.72,448512.0
2025-11-13,TRENT,TRENTEQN,4378.0,4402.9,4312.9,4342.0,4375.8,-33.8,-0.77,926669.0
2025-11-13,COALINDIA,COALINDIAEQN,386.5,387.4,382.75,383.3,386.5,-3.2,-0.83,3479280.0
2025-11-13,TCS,TCSEQN,3131.8,3131.9,3102.0,3104.8,3131.8,-27.0,-0.86,1740086.0
2025-11-13,ONGC,ONGCEQN,253.7,253.7,247.3,251.55,253.85,-2.3,-0.91,13057498.0
2025-11-13,TMPV,TMPVEQN,404.0,404.0,397.4,398.0,402.15,-4.15,-1.03,13165720.0
2025-11-13,TATACONSUM,TATACONSUMEQN,1168.0,1168.0,1146.6,1150.0,1162.0,-12.0,-1.03,1603442.0
2025-11-13,BEL,BELEQN,423.15,425.2,419.0,420.2,424.75,-4.55,-1.07,9081703.0
2025-11-13,SHRIRAMFIN,SHRIRAMFINEQN,826.0,826.35,809.75,813.5,822.5,-9.0,-1.09,6048406.0
2025-11-13,TATASTEEL,TATASTEELEQN,184.0,184.0,175.1,176.55,178.61,-2.06,-1.15,82060981.0
2025-11-13,EICHERMOT,EICHERMOTEQN,6875.0,6946.5,6758.5,6796.5,6879.0,-82.5,-1.2,841579.0
2025-11-13,M&M,M&MEQN,3748.2,3754.1,3690.2,3699.4,3754.3,-54.9,-1.46,1599012.0
2025-11-13,TMCV,TMCVBEN,316.6,326.0,316.0,320.1,329.45,-9.35,-2.84,12076936.0
2025-11-13,ETERNAL,ETERNALEQN,308.65,309.35,296.6,297.4,308.8,-11.4,-3.69,63585980.0
2025-11-14,NIFTY 50,NIFTY 50,25767.9,25940.2,25740.8,25910.05,25879.15,30.899999999997817,0.12,
2025-11-14,TMCV,TMCVBEN,310.0,335.0,306.3,331.0,320.75,10.25,3.2,165517247.0
2025-11-14,ETERNAL,ETERNALEQN,295.0,305.25,294.75,304.15,297.75,6.4,2.15,37374580.0
2025-11-14,BEL,BELEQN,418.8,428.7,418.7,426.5,419.8,6.7,1.6,14704805.0
2025-11-14,AXISBANK,AXISBANKEQN,1224.0,1246.0,1222.0,1244.4,1225.2,19.2,1.57,5197018.0
2025-11-14,TRENT,TRENTEQN,4335.0,4399.9,4327.0,4392.0,4326.4,65.6,1.52,808719.0
2025-11-14,SBIN,SBINEQN,952.95,969.05,952.0,967.95,954.0,13.95,1.46,11028375.0
2025-11-14,ADANIENT,ADANIENTEQN,2500.0,2553.7,2481.0,2524.1,2488.2,35.9,1.44,4496049.0
2025-11-14,JIOFIN,JIOFINEQN,311.0,315.7,309.3,315.0,310.7,4.3,1.38,13666807.0
2025-11-14,ONGC,ONGCEQN,245.5,249.65,245.1,247.5,250.85,2.65,1.08,9183429.0
2025-11-14,BAJFINANCE,BAJFINANCEEQN,1004.9,1019.9,1002.6,1016.1,1005.4,10.7,1.06,4379672.0
2025-11-14,ADANIPORTS,ADANIPORTSEQN,1500.0,1523.6,1497.0,1514.6,1499.0,15.6,1.04,2345392.0
2025-11-14,SUNPHARMA,SUNPHARMAEQN,1737.4,1760.1,1734.7,1755.0,1737.4,17.6,1.01,1667051.0
2025-11-14,DRREDDY,DRREDDYEQN,1235.2,1249.0,1231.8,1246.9,1234.9,12.0,0.97,827255.0
2025-11-14,COALINDIA,COALINDIAEQN,383.2,387.35,382.3,386.75,383.2,3.55,0.93,3759031.0
2025-11-14,ASIANPAINT,ASIANPAINTEQN,2865.1,2909.9,2862.0,2902.0,2879.4,22.6,0.78,2493309.0
2025-11-14,HINDUNILVR,HINDUNILVREQN,2405.1,2430.2,2392.0,2426.0,2407.6,18.4,0.76,975855.0
2025-11-14,ITC,ITCEQN,404.7,408.75,400.1,408.25,405.7,2.55,0.63,64018021.0
2025-11-14,SBILIFE,SBILIFEEQN,1982.6,2003.9,1977.8,2000.0,1987.9,12.1,0.61,678586.0
2025-11-14,NTPC,NTPCEQN,327.0,329.9,326.2,328.85,326.95,1.9,0.58,9168571.0
2025-11-14,RELIANCE,RELIANCEEQN,1505.5,1520.9,1505.5,1518.2,1510.9,7.3,0.48,7681848.0
2025-11-14,BAJAJFINSV,BAJAJFINSVEQN,2050.0,2072.0,2044.2,2064.9,2056.2,8.7,0.42,1433222.0
2025-11-14,CIPLA,CIPLAEQN,1526.9,1534.4,1522.0,1532.0,1525.8,6.2,0.41,810712.0
2025-11-14,POWERGRID,POWERGRIDEQN,270.35,272.3,269.5,270.9,269.85,1.05,0.39,10307673.0
2025-11-14,KOTAKBANK,KOTAKBANKEQN,2066.0,2085.5,2063.0,2082.8,2075.2,7.6,0.37,2440362.0
2025-11-14,MAXHEALTH,MAXHEALTHEQN,1093.7,1106.4,1085.3,1101.9,1098.0,3.9,0.36,1657999.0
2025-11-14,HDFCBANK,HDFCBANKEQN,976.05,991.65,976.05,989.0,986.65,2.35,0.24,21385846.0
2025-11-14,BHARTIARTL,BHARTIARTLEQN,2090.0,2107.9,2081.9,2096.8,2091.8,5.0,0.24,6312357.0
2025-11-14,TCS,TCSEQN,3090.0,3113.1,3077.3,3112.0,3105.7,6.3,0.2,2210337.0
2025-11-14,LT,LTEQN,4002.0,4011.5,3971.6,4004.0,4002.5,1.5,0.04,1916660.0
2025-11-14,GRASIM,GRASIMEQN,2777.2,2790.0,2761.0,2778.6,2777.8,0.8,0.03,510970.0
2025-11-14,TATACONSUM,TATACONSUMEQN,1149.0,1163.6,1146.8,1155.0,1154.8,0.2,0.02,1832475.0
2025-11-14,M&M,M&MEQN,3700.0,3716.8,3660.5,3698.0,3699.5,-1.5,-0.04,1847010.0
2025-11-14,WIPRO,WIPROEQN,243.92,245.9,242.15,245.15,245.33,-0.18,-0.07,6840389.0
2025-11-14,HCLTECH,HCLTECHEQN,1590.0,1598.0,1574.1,1596.9,1598.5,-1.6,-0.1,2543826.0
2025-11-14,INDIGO,INDIGOEQN,5900.0,5935.0,5864.0,5895.0,5905.5,-10.5,-0.18,643948.0
2025-11-14,BAJAJ-AUTO,BAJAJ-AUTOEQN,8867.5,8867.5,8781.5,8845.0,8867.5,-22.5,-0.25,550362.0
2025-11-14,MARUTI,MARUTIEQN,15725.0,15735.0,15572.0,15708.0,15749.0,-41.0,-0.26,253673.0
2025-11-14,APOLLOHOSP,APOLLOHOSPEQN,7440.0,7467.0,7375.0,7419.0,7440.5,-21.5,-0.29,218469.0
2025-11-14,NESTLEIND,NESTLEINDEQN,1275.2,1279.0,1262.4,1269.7,1275.2,-5.5,-0.43,675025.0
2025-11-14,ULTRACEMCO,ULTRACEMCOEQN,11941.0,11941.0,11786.0,11875.0,11934.0,-59.0,-0.49,161283.0
2025-11-14,TECHM,TECHMEQN,1444.2,1445.8,1422.9,1443.8,1451.4,-7.6,-0.52,1220540.0
2025-11-14,TITAN,TITANEQN,3839.2,3854.7,3800.0,3816.1,3839.2,-23.1,-0.6,575030.0
2025-11-14,SHRIRAMFIN,SHRIRAMFINEQN,809.5,817.95,803.9,808.5,814.0,-5.5,-0.68,5671835.0
2025-11-14,ICICIBANK,ICICIBANKEQN,1374.0,1381.2,1363.2,1373.2,1385.9,-12.7,-0.92,9694305.0
2025-11-14,HINDALCO,HINDALCOEQN,807.0,812.5,796.0,803.0,811.95,-8.95,-1.1,4113192.0
2025-11-14,JSWSTEEL,JSWSTEELEQN,1182.1,1182.9,1159.0,1169.2,1183.9,-14.7,-1.24,1058989.0
2025-11-14,TMPV,TMPVEQN,397.95,399.6,387.3,392.9,397.95,-5.05,-1.27,21812011.0
2025-11-14,HDFCLIFE,HDFCLIFEEQN,779.0,780.3,769.5,772.3,782.2,-9.9,-1.27,1372920.0
2025-11-14,TATASTEEL,TATASTEELEQN,177.52,177.7,172.12,174.0,176.65,-2.65,-1.5,38327726.0
2025-11-14,EICHERMOT,EICHERMOTEQN,6799.0,6850.0,6670.0,6699.5,6855.0,-155.5,-2.27,738978.0
2025-11-14,INFY,INFYEQN,1520.0,1530.0,1488.8,1505.8,1541.8,-36.0,-2.33,9737271.0
2025-11-15,NIFTY 50,NIFTY 50,25767.9,25940.2,25740.8,25910.05,25879.15,30.899999999997817,0.12,
2025-11-15,TMCV,TMCVBEN,310.0,335.0,306.3,331.0,320.75,10.25,3.2,165519798.0
2025-11-15,ETERNAL,ETERNALEQN,295.0,305.25,294.75,304.15,297.75,6.4,2.15,37378730.0
2025-11-15,BEL,BELEQN,418.8,428.7,418.7,426.5,419.8,6.7,1.6,14719899.0
2025-11-15,AXISBANK,AXISBANKEQN,1224.0,1246.0,1222.0,1244.4,1225.2,19.2,1.57,5197740.0
2025-11-15,TRENT,TRENTEQN,4335.0,4399.9,4327.0,4392.0,4326.4,65.6,1.52,808967.0
2025-11-15,SBIN,SBINEQN,952.95,969.05,952.0,967.95,954.0,13.95,1.46,11032927.0
2025-11-15,ADANIENT,ADANIENTEQN,2500.0,2553.7,2481.0,2524.1,2488.2,35.9,1.44,4496233.0
2025-11-15,JIOFIN,JIOFINEQN,311.0,315.7,309.3,315.0,310.7,4.3,1.38,13675540.0
2025-11-15,ONGC,ONGCEQN,245.5,249.65,245.1,247.5,250.85,2.65,1.08,9185042.0
2025-11-15,BAJFINANCE,BAJFINANCEEQN,1004.9,1019.9,1002.6,1016.1,1005.4,10.7,1.06,4381122.0
2025-11-15,ADANIPORTS,ADANIPORTSEQN,1500.0,1523.6,1497.0,1514.6,1499.0,15.6,1.04,2345593.0
2025-11-15,SUNPHARMA,SUNPHARMAEQN,1737.4,1760.1,1734.7,1755.0,1737.4,17.6,1.01,1667322.0
2025-11-15,DRREDDY,DRREDDYEQN,1235.2,1249.0,1231.8,1246.9,1234.9,12.0,0.97,827643.0
2025-11-15,COALINDIA,COALINDIAEQN,383.2,387.35,382.3,386.75,383.2,3.55,0.93,3760163.0
2025-11-15,ASIANPAINT,ASIANPAINTEQN,2865.1,2909.9,2862.0,2902.0,2879.4,22.6,0.78,2494076.0
2025-11-15,HINDUNILVR,HINDUNILVREQN,2405.1,2430.2,2392.0,2426.0,2407.6,18.4,0.76,975973.0
2025-11-15,ITC,ITCEQN,404.7,408.75,400.1,408.25,405.7,2.55,0.63,64020258.0
2025-11-15,SBILIFE,SBILIFEEQN,1982.6,2003.9,1977.8,2000.0,1987.9,12.1,0.61,678599.0
2025-11-15,NTPC,NTPCEQN,327.0,329.9,326.2,328.85,326.95,1.9,0.58,9169855.0
2025-11-15,RELIANCE,RELIANCEEQN,1505.5,1520.9,1505.5,1518.2,1510.9,7.3,0.48,7682823.0
2025-11-15,BAJAJFINSV,BAJAJFINSVEQN,2050.0,2072.0,2044.2,2064.9,2056.2,8.7,0.42,1433249.0
2025-11-15,CIPLA,CIPLAEQN,1526.9,1534.4,1522.0,1532.0,1525.8,6.2,0.41,810970.0
2025-11-15,POWERGRID,POWERGRIDEQN,270.35,272.3,269.5,270.9,269.85,1.05,0.39,10308317.0
2025-11-15,KOTAKBANK,KOTAKBANKEQN,2066.0,2085.5,2063.0,2082.8,2075.2,7.6,0.37,2440551.0
2025-11-15,MAXHEALTH,MAXHEALTHEQN,1093.7,1106.4,1085.3,1101.9,1098.0,3.9,0.36,1658556.0
2025-11-15,HDFCBANK,HDFCBANKEQN,976.05,991.65,976.05,989.0,986.65,2.35,0.24,21386965.0
2025-11-15,BHARTIARTL,BHARTIARTLEQN,2090.0,2107.9,2081.9,2096.8,2091.8,5.0,0.24,6312655.0
2025-11-15,TCS,TCSEQN,3090.0,3113.1,3077.3,3112.0,3105.7,6.3,0.2,2210794.0
2025-11-15,LT,LTEQN,4002.0,4011.5,3971.6,4004.0,4002.5,1.5,0.04,1916910.0
2025-11-15,GRASIM,GRASIMEQN,2777.2,2790.0,2761.0,2778.6,2777.8,0.8,0.03,510972.0
2025-11-15,TATACONSUM,TATACONSUMEQN,1149.0,1163.6,1146.8,1155.0,1154.8,0.2,0.02,1832598.0
2025-11-15,M&M,M&MEQN,3700.0,3716.8,3660.5,3698.0,3699.5,-1.5,-0.04,1847028.0
2025-11-15,WIPRO,WIPROEQN,243.92,245.9,242.15,245.15,245.33,-0.18,-0.07,6841554.0
2025-11-15,HCLTECH,HCLTECHEQN,1590.0,1598.0,1574.1,1596.9,1598.5,-1.6,-0.1,2543918.0
2025-11-15,INDIGO,INDIGOEQN,5900.0,5935.0,5864.0,5895.0,5905.5,-10.5,-0.18,643970.0
2025-11-15,BAJAJ-AUTO,BAJAJ-AUTOEQN,8867.5,8867.5,8781.5,8845.0,8867.5,-22.5,-0.25,550371.0
2025-11-15,MARUTI,MARUTIEQN,15725.0,15735.0,15572.0,15708.0,15749.0,-41.0,-0.26,253698.0
2025-11-15,APOLLOHOSP,APOLLOHOSPEQN,7440.0,7467.0,7375.0,7419.0,7440.5,-21.5,-0.29,218565.0
2025-11-15,NESTLEIND,NESTLEINDEQN,1275.2,1279.0,1262.4,1269.7,1275.2,-5.5,-0.43,675047.0
2025-11-15,ULTRACEMCO,ULTRACEMCOEQN,11941.0,11941.0,11786.0,11875.0,11934.0,-59.0,-0.49,161315.0
2025-11-15,TECHM,TECHMEQN,1444.2,1445.8,1422.9,1443.8,1451.4,-7.6,-0.52,1220596.0
2025-11-15,TITAN,TITANEQN,3839.2,3854.7,3800.0,3816.1,3839.2,-23.1,-0.6,575050.0
2025-11-15,SHRIRAMFIN,SHRIRAMFINEQN,809.5,817.95,803.9,808.5,814.0,-5.5,-0.68,5672058.0
2025-11-15,ICICIBANK,ICICIBANKEQN,1374.0,1381.2,1363.2,1373.2,1385.9,-12.7,-0.92,9694498.0
2025-11-15,HINDALCO,HINDALCOEQN,807.0,812.5,796.0,803.0,811.95,-8.95,-1.1,4113598.0
2025-11-15,JSWSTEEL,JSWSTEELEQN,1182.1,1182.9,1159.0,1169.2,1183.9,-14.7,-1.24,1059030.0
2025-11-15,TMPV,TMPVEQN,397.95,399.6,387.3,392.9,397.95,-5.05,-1.27,21834850.0
2025-11-15,HDFCLIFE,HDFCLIFEEQN,779.0,780.3,769.5,772.3,782.2,-9.9,-1.27,1373199.0
2025-11-15,TATASTEEL,TATASTEELEQN,177.52,177.7,172.12,174.0,176.65,-2.65,-1.5,38345500.0
2025-11-15,EICHERMOT,EICHERMOTEQN,6799.0,6850.0,6670.0,6699.5,6855.0,-155.5,-2.27,739163.0
2025-11-15,INFY,INFYEQN,1520.0,1530.0,1488.8,1505.8,1541.8,-36.0,-2.33,9739549.0
2025-11-16,NIFTY 50,NIFTY 50,25767.9,25940.2,25740.8,25910.05,25879.15,30.899999999997817,0.12,
2025-11-16,TMCV,TMCVBEN,310.0,335.0,306.3,331.0,320.75,10.25,3.2,165519798.0
2025-11-16,ETERNAL,ETERNALEQN,295.0,305.25,294.75,304.15,297.75,6.4,2.15,37378730.0
2025-11-16,BEL,BELEQN,418.8,428.7,418.7,426.5,419.8,6.7,1.6,14719899.0
2025-11-16,AXISBANK,AXISBANKEQN,1224.0,1246.0,1222.0,1244.4,1225.2,19.2,1.57,5197740.0
2025-11-16,TRENT,TRENTEQN,4335.0,4399.9,4327.0,4392.0,4326.4,65.6,1.52,808967.0
2025-11-16,SBIN,SBINEQN,952.95,969.05,952.0,967.95,954.0,13.95,1.46,11032927.0
2025-11-16,ADANIENT,ADANIENTEQN,2500.0,2553.7,2481.0,2524.1,2488.2,35.9,1.44,4496233.0
2025-11-16,JIOFIN,JIOFINEQN,311.0,315.7,309.3,315.0,310.7,4.3,1.38,13675540.0
2025-11-16,ONGC,ONGCEQN,245.5,249.65,245.1,247.5,250.85,2.65,1.08,9185042.0
2025-11-16,BAJFINANCE,BAJFINANCEEQN,1004.9,1019.9,1002.6,1016.1,1005.4,10.7,1.06,4381122.0
2025-11-16,ADANIPORTS,ADANIPORTSEQN,1500.0,1523.6,1497.0,1514.6,1499.0,15.6,1.04,2345593.0
2025-11-16,SUNPHARMA,SUNPHARMAEQN,1737.4,1760.1,1734.7,1755.0,1737.4,17.6,1.01,1667322.0
2025-11-16,DRREDDY,DRREDDYEQN,1235.2,1249.0,1231.8,1246.9,1234.9,12.0,0.97,827643.0
2025-11-16,COALINDIA,COALINDIAEQN,383.2,387.35,382.3,386.75,383.2,3.55,0.93,3760163.0
2025-11-16,ASIANPAINT,ASIANPAINTEQN,2865.1,2909.9,2862.0,2902.0,2879.4,22.6,0.78,2494076.0
2025-11-16,HINDUNILVR,HINDUNILVREQN,2405.1,2430.2,2392.0,2426.0,2407.6,18.4,0.76,975973.0
2025-11-16,ITC,ITCEQN,404.7,408.75,400.1,408.25,405.7,2.55,0.63,64020258.0
2025-11-16,SBILIFE,SBILIFEEQN,1982.6,2003.9,1977.8,2000.0,1987.9,12.1,0.61,678599.0
2025-11-16,NTPC,NTPCEQN,327.0,329.9,326.2,328.85,326.95,1.9,0.58,9169855.0
2025-11-16,RELIANCE,RELIANCEEQN,1505.5,1520.9,1505.5,1518.2,1510.9,7.3,0.48,7682823.0
2025-11-16,BAJAJFINSV,BAJAJFINSVEQN,2050.0,2072.0,2044.2,2064.9,2056.2,8.7,0.42,1433249.0
2025-11-16,CIPLA,CIPLAEQN,1526.9,1534.4,1522.0,1532.0,1525.8,6.2,0.41,810970.0
2025-11-16,POWERGRID,POWERGRIDEQN,270.35,272.3,269.5,270.9,269.85,1.05,0.39,10308317.0
2025-11-16,KOTAKBANK,KOTAKBANKEQN,2066.0,2085.5,2063.0,2082.8,2075.2,7.6,0.37,2440551.0
2025-11-16,MAXHEALTH,MAXHEALTHEQN,1093.7,1106.4,1085.3,1101.9,1098.0,3.9,0.36,1658556.0
2025-11-16,HDFCBANK,HDFCBANKEQN,976.05,991.65,976.05,989.0,986.65,2.35,0.24,21386965.0
2025-11-16,BHARTIARTL,BHARTIARTLEQN,2090.0,2107.9,2081.9,2096.8,2091.8,5.0,0.24,6312655.0
2025-11-16,TCS,TCSEQN,3090.0,3113.1,3077.3,3112.0,3105.7,6.3,0.2,2210794.0
2025-11-16,LT,LTEQN,4002.0,4011.5,3971.6,4004.0,4002.5,1.5,0.04,1916910.0
2025-11-16,GRASIM,GRASIMEQN,2777.2,2790.0,2761.0,2778.6,2777.8,0.8,0.03,510972.0
2025-11-16,TATACONSUM,TATACONSUMEQN,1149.0,1163.6,1146.8,1155.0,1154.8,0.2,0.02,1832598.0
2025-11-16,M&M,M&MEQN,3700.0,3716.8,3660.5,3698.0,3699.5,-1.5,-0.04,1847028.0
2025-11-16,WIPRO,WIPROEQN,243.92,245.9,242.15,245.15,245.33,-0.18,-0.07,6841554.0
2025-11-16,HCLTECH,HCLTECHEQN,1590.0,1598.0,1574.1,1596.9,1598.5,-1.6,-0.1,2543918.0
2025-11-16,INDIGO,INDIGOEQN,5900.0,5935.0,5864.0,5895.0,5905.5,-10.5,-0.18,643970.0
2025-11-16,BAJAJ-AUTO,BAJAJ-AUTOEQN,8867.5,8867.5,8781.5,8845.0,8867.5,-22.5,-0.25,550371.0
2025-11-16,MARUTI,MARUTIEQN,15725.0,15735.0,15572.0,15708.0,15749.0,-41.0,-0.26,253698.0
2025-11-16,APOLLOHOSP,APOLLOHOSPEQN,7440.0,7467.0,7375.0,7419.0,7440.5,-21.5,-0.29,218565.0
2025-11-16,NESTLEIND,NESTLEINDEQN,1275.2,1279.0,1262.4,1269.7,1275.2,-5.5,-0.43,675047.0
2025-11-16,ULTRACEMCO,ULTRACEMCOEQN,11941.0,11941.0,11786.0,11875.0,11934.0,-59.0,-0.49,161315.0
2025-11-16,TECHM,TECHMEQN,1444.2,1445.8,1422.9,1443.8,1451.4,-7.6,-0.52,1220596.0
2025-11-16,TITAN,TITANEQN,3839.2,3854.7,3800.0,3816.1,3839.2,-23.1,-0.6,575050.0
2025-11-16,SHRIRAMFIN,SHRIRAMFINEQN,809.5,817.95,803.9,808.5,814.0,-5.5,-0.68,5672058.0
2025-11-16,ICICIBANK,ICICIBANKEQN,1374.0,1381.2,1363.2,1373.2,1385.9,-12.7,-0.92,9694498.0
2025-11-16,HINDALCO,HINDALCOEQN,807.0,812.5,796.0,803.0,811.95,-8.95,-1.1,4113598.0
2025-11-16,JSWSTEEL,JSWSTEELEQN,1182.1,1182.9,1159.0,1169.2,1183.9,-14.7,-1.24,1059030.0
2025-11-16,TMPV,TMPVEQN,397.95,399.6,387.3,392.9,397.95,-5.05,-1.27,21834850.0
2025-11-16,HDFCLIFE,HDFCLIFEEQN,779.0,780.3,769.5,772.3,782.2,-9.9,-1.27,1373199.0
2025-11-16,TATASTEEL,TATASTEELEQN,177.52,177.7,172.12,174.0,176.65,-2.65,-1.5,38345500.0
2025-11-16,EICHERMOT,EICHERMOTEQN,6799.0,6850.0,6670.0,6699.5,6855.0,-155.5,-2.27,739163.0
2025-11-16,INFY,INFYEQN,1520.0,1530.0,1488.8,1505.8,1541.8,-36.0,-2.33,9739549.0
2025-11-17,NIFTY 50,NIFTY 50,25948.2,26024.2,25906.35,26013.45,25910.05,103.40000000000146,0.4,
2025-11-17,ETERNAL,ETERNALEQN,303.1,309.85,300.55,309.6,303.75,5.85,1.93,26622945.0
2025-11-17,TATACONSUM,TATACONSUMEQN,1166.0,1182.8,1158.0,1179.0,1157.8,21.2,1.83,2105312.0
2025-11-17,MAXHEALTH,MAXHEALTHEQN,1105.0,1124.8,1091.7,1122.2,1103.1,19.1,1.73,5102010.0
2025-11-17,EICHERMOT,EICHERMOTEQN,6730.0,6809.0,6675.0,6809.0,6695.0,114.0,1.7,789628.0
2025-11-17,MARUTI,MARUTIEQN,15689.0,15892.0,15655.0,15889.0,15684.0,205.0,1.31,301054.0
2025-11-17,BAJAJ-AUTO,BAJAJ-AUTOEQN,8850.0,9025.0,8850.0,8949.0,8843.0,106.0,1.2,457847.0
2025-11-17,KOTAKBANK,KOTAKBANKEQN,2095.0,2119.9,2092.4,2103.0,2079.7,23.3,1.12,5028767.0
2025-11-17,ADANIENT,ADANIENTEQN,2460.0,2474.9,2421.0,2466.8,2516.8,26.8,1.1,2672449.0
2025-11-17,SHRIRAMFIN,SHRIRAMFINEQN,809.0,828.35,808.6,817.55,809.3,8.25,1.02,7386284.0
2025-11-17,TECHM,TECHMEQN,1440.0,1455.9,1438.3,1452.8,1439.2,13.6,0.94,999335.0
2025-11-17,TITAN,TITANEQN,3848.0,3874.3,3821.5,3863.9,3829.2,34.7,0.91,504913.0
2025-11-17,M&M,M&MEQN,3710.0,3754.5,3682.3,3731.7,3698.6,33.1,0.89,2093879.0
2025-11-17,POWERGRID,POWERGRIDEQN,272.1,273.95,270.0,273.7,271.3,2.4,0.88,9883500.0
2025-11-17,APOLLOHOSP,APOLLOHOSPEQN,7475.0,7504.5,7425.0,7485.0,7420.5,64.5,0.87,248448.0
2025-11-17,BAJFINANCE,BAJFINANCEEQN,1021.0,1033.0,1017.0,1027.0,1018.5,8.5,0.83,6010841.0
2025-11-17,HDFCBANK,HDFCBANKEQN,991.25,997.95,985.6,996.45,989.6,6.85,0.69,18393598.0
2025-11-17,BAJAJFINSV,BAJAJFINSVEQN,2065.8,2081.1,2055.0,2080.0,2065.8,14.2,0.69,817523.0
2025-11-17,AXISBANK,AXISBANKEQN,1243.9,1261.0,1240.4,1250.0,1241.6,8.4,0.68,4087943.0
2025-11-17,HCLTECH,HCLTECHEQN,1594.0,1607.7,1585.5,1605.5,1594.6,10.9,0.68,2000122.0
2025-11-17,JSWSTEEL,JSWSTEELEQN,1173.9,1178.0,1165.4,1175.0,1167.8,7.2,0.62,1102731.0
2025-11-17,GRASIM,GRASIMEQN,2790.0,2799.0,2771.1,2798.9,2783.4,15.5,0.56,459015.0
2025-11-17,HINDALCO,HINDALCOEQN,801.0,809.0,799.75,808.0,803.65,4.35,0.54,2769861.0
2025-11-17,SBIN,SBINEQN,971.0,976.0,968.5,973.0,967.85,5.15,0.53,7411754.0
2025-11-17,LT,LTEQN,4004.4,4030.0,4000.1,4025.0,4004.4,20.6,0.51,1205940.0
2025-11-17,BHARTIARTL,BHARTIARTLEQN,2112.0,2122.0,2100.9,2111.3,2100.7,10.6,0.5,5998453.0
2025-11-17,NTPC,NTPCEQN,329.0,331.45,328.55,330.1,328.45,1.65,0.5,6281311.0
2025-11-17,ICICIBANK,ICICIBANKEQN,1375.1,1382.5,1373.6,1379.1,1373.0,6.1,0.44,7660321.0
2025-11-17,SUNPHARMA,SUNPHARMAEQN,1765.8,1768.0,1747.7,1764.0,1757.1,6.9,0.39,1430470.0
2025-11-17,ONGC,ONGCEQN,247.6,249.7,247.45,248.35,247.6,0.75,0.3,6278300.0
2025-11-17,INFY,INFYEQN,1496.0,1510.2,1492.5,1507.0,1502.8,4.2,0.28,7908950.0
2025-11-17,CIPLA,CIPLAEQN,1537.5,1538.4,1526.5,1536.4,1532.1,4.3,0.28,912149.0
2025-11-17,COALINDIA,COALINDIAEQN,387.0,389.2,386.15,388.0,386.95,1.05,0.27,3845735.0
2025-11-17,TRENT,TRENTEQN,4391.9,4414.1,4375.0,4401.0,4391.2,9.8,0.22,551435.0
2025-11-17,RELIANCE,RELIANCEEQN,1520.9,1523.7,1511.5,1518.0,1518.9,-0.9,-0.06,5869319.0
2025-11-17,HINDUNILVR,HINDUNILVREQN,2431.4,2438.4,2416.0,2425.5,2427.7,-2.2,-0.09,919488.0
2025-11-17,NESTLEIND,NESTLEINDEQN,1272.0,1278.0,1264.1,1270.0,1271.6,-1.6,-0.13,774793.0
2025-11-17,ITC,ITCEQN,409.75,412.0,406.0,407.5,408.15,-0.65,-0.16,7851996.0
2025-11-17,DRREDDY,DRREDDYEQN,1253.0,1253.0,1240.5,1244.0,1246.0,-2.0,-0.16,1422995.0
2025-11-17,TCS,TCSEQN,3106.0,3123.5,3086.6,3100.0,3106.0,-6.0,-0.19,2232516.0
2025-11-17,ADANIPORTS,ADANIPORTSEQN,1518.9,1519.0,1503.0,1509.8,1512.7,-2.9,-0.19,1749624.0
2025-11-17,WIPRO,WIPROEQN,243.97,244.78,242.69,243.7,244.37,-0.67,-0.27,6558293.0
2025-11-17,SBILIFE,SBILIFEEQN,2000.9,2012.9,1993.3,1993.8,2000.9,-7.1,-0.35,726712.0
2025-11-17,BEL,BELEQN,427.95,429.5,422.4,424.9,426.85,-1.95,-0.46,12990103.0
2025-11-17,TATASTEEL,TATASTEELEQN,175.13,175.25,172.62,173.4,174.26,-0.86,-0.49,28186286.0
2025-11-17,INDIGO,INDIGOEQN,5900.0,5905.0,5839.5,5878.0,5908.5,-30.5,-0.52,608283.0
2025-11-17,HDFCLIFE,HDFCLIFEEQN,770.7,778.0,765.1,768.3,773.7,-5.4,-0.7,2638362.0
2025-11-17,ASIANPAINT,ASIANPAINTEQN,2906.4,2926.9,2880.0,2885.4,2906.4,-21.0,-0.72,1230654.0
2025-11-17,JIOFIN,JIOFINEQN,316.0,316.85,311.15,312.45,314.9,-2.45,-0.78,8866937.0
2025-11-17,ULTRACEMCO,ULTRACEMCOEQN,11810.0,11855.0,11745.0,11775.0,11874.0,-99.0,-0.83,194378.0
2025-11-17,TMPV,TMPVEQN,380.0,380.0,363.0,372.65,391.2,-18.55,-4.74,32374374.0
2025-11-18,NIFTY 50,NIFTY 50,26021.8,26029.85,25876.5,25910.05,26013.45,-103.40000000000146,-0.4,
2025-11-18,BHARTIARTL,BHARTIARTLEQN,2122.0,2159.0,2110.3,2146.1,2112.2,33.9,1.6,10972361.0
2025-11-18,AXISBANK,AXISBANKEQN,1250.0,1273.5,1247.6,1263.0,1249.6,13.4,1.07,10175870.0
2025-11-18,ASIANPAINT,ASIANPAINTEQN,2886.0,2916.0,2862.1,2902.2,2887.9,18.8,0.65,1818999.0
2025-11-18,SHRIRAMFIN,SHRIRAMFINEQN,820.0,827.7,810.0,823.0,817.9,5.1,0.62,6684032.0
2025-11-18,TITAN,TITANEQN,3865.0,3900.0,3841.6,3885.0,3868.6,16.4,0.42,849933.0
2025-11-18,MARUTI,MARUTIEQN,15878.0,15999.0,15750.0,15919.0,15878.0,41.0,0.26,392818.0
2025-11-18,POWERGRID,POWERGRIDEQN,274.0,276.8,272.3,274.15,273.55,0.6,0.22,16433581.0
2025-11-18,RELIANCE,RELIANCEEQN,1521.7,1527.8,1510.5,1520.0,1518.3,1.7,0.11,11044591.0
2025-11-18,DRREDDY,DRREDDYEQN,1244.5,1247.0,1232.7,1242.0,1244.4,-2.4,-0.19,971331.0
2025-11-18,SBIN,SBINEQN,975.6,976.7,968.85,971.3,973.35,-2.05,-0.21,6594162.0
2025-11-18,EICHERMOT,EICHERMOTEQN,6835.0,6854.0,6754.0,6785.0,6799.0,-14.0,-0.21,517127.0
2025-11-18,SUNPHARMA,SUNPHARMAEQN,1764.0,1764.5,1750.0,1759.5,1763.9,-4.4,-0.25,1429518.0
2025-11-18,SBILIFE,SBILIFEEQN,1991.1,2013.5,1988.0,1990.4,1996.0,-5.6,-0.28,855557.0
2025-11-18,ITC,ITCEQN,408.25,409.8,404.55,405.7,407.1,-1.4,-0.34,7661146.0
2025-11-18,BAJAJ-AUTO,BAJAJ-AUTOEQN,8975.5,8999.0,8900.0,8915.0,8945.5,-30.5,-0.34,276170.0
2025-11-18,KOTAKBANK,KOTAKBANKEQN,2090.6,2107.0,2080.0,2095.6,2102.9,-7.3,-0.35,2060029.0
2025-11-18,TATASTEEL,TATASTEELEQN,172.4,173.12,170.55,172.44,173.17,-0.73,-0.42,34274171.0
2025-11-18,NESTLEIND,NESTLEINDEQN,1262.1,1269.9,1252.6,1265.0,1270.3,-5.3,-0.42,810383.0
2025-11-18,TMPV,TMPVEQN,373.1,374.0,369.15,371.1,372.7,-1.6,-0.43,17480708.0
2025-11-18,ULTRACEMCO,ULTRACEMCOEQN,11888.0,11888.0,11688.0,11724.0,11778.0,-54.0,-0.46,318105.0
2025-11-18,ONGC,ONGCEQN,247.0,249.45,246.3,246.9,248.05,-1.15,-0.46,7708094.0
2025-11-18,NTPC,NTPCEQN,329.05,329.75,327.15,328.4,330.2,-1.8,-0.55,6775933.0
2025-11-18,HDFCBANK,HDFCBANKEQN,997.65,999.0,990.0,990.85,996.55,-5.7,-0.57,20002372.0
2025-11-18,MAXHEALTH,MAXHEALTHEQN,1141.4,1144.6,1112.0,1115.2,1121.6,-6.4,-0.57,5778609.0
2025-11-18,ICICIBANK,ICICIBANKEQN,1380.2,1382.8,1369.1,1370.0,1379.0,-9.0,-0.65,9527900.0
2025-11-18,BEL,BELEQN,424.55,429.45,420.3,421.6,424.55,-2.95,-0.69,13338631.0
2025-11-18,TCS,TCSEQN,3102.0,3105.0,3078.0,3080.1,3102.2,-22.1,-0.71,2548113.0
2025-11-18,LT,LTEQN,4020.0,4026.8,3978.9,3998.9,4027.7,-28.8,-0.72,1748841.0
2025-11-18,TRENT,TRENTEQN,4404.6,4409.9,4359.9,4369.0,4404.6,-35.6,-0.81,316718.0
2025-11-18,HINDUNILVR,HINDUNILVREQN,2415.8,2422.9,2401.9,2404.1,2425.0,-20.9,-0.86,1228895.0
2025-11-18,HCLTECH,HCLTECHEQN,1604.0,1604.0,1590.1,1592.5,1606.4,-13.9,-0.87,1640065.0
2025-11-18,ADANIENT,ADANIENTEQN,2462.0,2478.6,2434.3,2439.0,2462.0,-23.0,-0.93,1245150.0
2025-11-18,JSWSTEEL,JSWSTEELEQN,1179.9,1179.9,1152.9,1164.5,1175.5,-11.0,-0.94,1912097.0
2025-11-18,M&M,M&MEQN,3718.5,3732.7,3688.0,3699.0,3734.9,-35.9,-0.96,2613538.0
2025-11-18,COALINDIA,COALINDIAEQN,387.85,387.85,382.95,383.65,387.85,-4.2,-1.08,4460550.0
2025-11-18,ADANIPORTS,ADANIPORTSEQN,1518.9,1518.9,1490.2,1491.2,1507.6,-16.4,-1.09,1818281.0
2025-11-18,BAJFINANCE,BAJFINANCEEQN,1021.2,1024.1,1011.7,1014.4,1026.8,-12.4,-1.21,4561788.0
2025-11-18,WIPRO,WIPROEQN,242.93,244.0,240.3,241.0,244.05,-3.05,-1.25,4728747.0
2025-11-18,HDFCLIFE,HDFCLIFEEQN,766.45,769.1,760.55,760.6,770.25,-9.65,-1.25,1363269.0
2025-11-18,BAJAJFINSV,BAJAJFINSVEQN,2073.0,2075.5,2047.0,2053.3,2079.6,-26.3,-1.26,734218.0
2025-11-18,GRASIM,GRASIMEQN,2788.0,2790.3,2750.0,2755.0,2790.3,-35.3,-1.27,437911.0
2025-11-18,HINDALCO,HINDALCOEQN,804.5,804.5,788.35,796.85,807.15,-10.3,-1.28,7298772.0
2025-11-18,CIPLA,CIPLAEQN,1530.0,1535.0,1512.1,1516.0,1535.6,-19.6,-1.28,747847.0
2025-11-18,INFY,INFYEQN,1506.0,1506.0,1483.2,1486.8,1507.6,-20.8,-1.38,7324631.0
2025-11-18,APOLLOHOSP,APOLLOHOSPEQN,7450.0,7474.0,7373.0,7376.0,7487.5,-111.5,-1.49,285075.0
2025-11-18,ETERNAL,ETERNALEQN,312.0,313.0,304.5,304.5,309.55,-5.05,-1.63,24984735.0
2025-11-18,INDIGO,INDIGOEQN,5876.0,5888.5,5733.5,5758.5,5873.0,-114.5,-1.95,906462.0
2025-11-18,JIOFIN,JIOFINEQN,311.15,311.85,305.45,305.8,312.0,-6.2,-1.99,8860636.0
2025-11-18,TECHM,TECHMEQN,1444.0,1451.1,1419.5,1420.7,1452.8,-32.1,-2.21,1552810.0
2025-11-18,TATACONSUM,TATACONSUMEQN,1178.7,1178.7,1151.9,1152.0,1178.9,-26.9,-2.28,1695484.0
2025-11-19,NIFTY 50,NIFTY 50,25918.1,26074.65,25856.2,26052.65,25910.05,142.60000000000218,0.55,
2025-11-19,MAXHEALTH,MAXHEALTHEQN,1115.0,1170.4,1104.9,1164.7,1116.7,48.0,4.3,5964316.0
2025-11-19,HCLTECH,HCLTECHEQN,1595.3,1669.5,1588.6,1662.0,1595.2,66.8,4.19,6342091.0
2025-11-19,INFY,INFYEQN,1490.5,1543.0,1490.5,1542.0,1486.4,55.6,3.74,10980222.0
2025-11-19,WIPRO,WIPROEQN,241.2,246.85,240.54,246.06,240.9,5.16,2.14,13297693.0
2025-11-19,TCS,TCSEQN,3097.0,3155.0,3083.5,3147.0,3087.1,59.9,1.94,3150257.0
2025-11-19,HINDUNILVR,HINDUNILVREQN,2412.0,2450.7,2411.0,2443.7,2404.0,39.7,1.65,1465098.0
2025-11-19,SUNPHARMA,SUNPHARMAEQN,1762.0,1790.3,1751.1,1786.5,1758.8,27.7,1.57,2130881.0
2025-11-19,TITAN,TITANEQN,3882.9,3940.5,3862.4,3934.8,3879.2,55.6,1.43,1577946.0
2025-11-19,EICHERMOT,EICHERMOTEQN,6800.0,6911.5,6760.0,6898.0,6814.5,83.5,1.23,416163.0
2025-11-19,NESTLEIND,NESTLEINDEQN,1267.9,1280.0,1263.0,1279.9,1265.1,14.8,1.17,726230.0
2025-11-19,TECHM,TECHMEQN,1427.5,1443.5,1417.8,1436.9,1422.0,14.9,1.05,5777296.0
2025-11-19,APOLLOHOSP,APOLLOHOSPEQN,7419.0,7482.0,7332.0,7450.0,7385.5,64.5,0.87,454694.0
2025-11-19,SBIN,SBINEQN,972.45,984.45,968.8,980.5,972.45,8.05,0.83,8290067.0
2025-11-19,TATACONSUM,TATACONSUMEQN,1154.1,1165.8,1149.0,1163.5,1154.1,9.4,0.81,1935029.0
2025-11-19,CIPLA,CIPLAEQN,1511.4,1529.6,1505.4,1526.0,1514.5,11.5,0.76,1171060.0
2025-11-19,ONGC,ONGCEQN,246.95,250.3,245.4,248.75,246.95,1.8,0.73,7071770.0
2025-11-19,KOTAKBANK,KOTAKBANKEQN,2099.5,2110.0,2089.5,2108.1,2093.1,15.0,0.72,2492854.0
2025-11-19,ICICIBANK,ICICIBANKEQN,1373.5,1384.0,1371.6,1383.1,1373.4,9.7,0.71,10393854.0
2025-11-19,M&M,M&MEQN,3695.0,3746.5,3667.8,3718.0,3694.8,23.2,0.63,1626006.0
2025-11-19,BEL,BELEQN,420.0,424.25,415.05,423.25,420.9,2.35,0.56,9656608.0
2025-11-19,DRREDDY,DRREDDYEQN,1248.7,1252.7,1237.0,1250.2,1243.8,6.4,0.51,830057.0
2025-11-19,BHARTIARTL,BHARTIARTLEQN,2155.0,2166.2,2146.7,2160.0,2149.2,10.8,0.5,7419304.0
2025-11-19,INDIGO,INDIGOEQN,5712.0,5773.0,5674.0,5768.0,5739.5,28.5,0.5,784184.0
2025-11-19,LT,LTEQN,4007.0,4026.5,3980.3,4018.4,3999.6,18.8,0.47,922377.0
2025-11-19,JSWSTEEL,JSWSTEELEQN,1167.5,1170.9,1157.6,1168.4,1163.0,5.4,0.46,522339.0
2025-11-19,TATASTEEL,TATASTEELEQN,172.45,173.9,172.06,173.2,172.45,0.75,0.43,19616135.0
2025-11-19,AXISBANK,AXISBANKEQN,1268.0,1273.0,1257.8,1270.1,1265.4,4.7,0.37,4100706.0
2025-11-19,POWERGRID,POWERGRIDEQN,275.95,276.0,272.5,275.2,274.2,1.0,0.36,15765217.0
2025-11-19,SBILIFE,SBILIFEEQN,1990.9,2008.3,1985.0,2000.2,1993.3,6.9,0.35,894075.0
2025-11-19,HDFCBANK,HDFCBANKEQN,990.0,996.55,984.0,994.8,992.45,2.35,0.24,19812543.0
2025-11-19,ETERNAL,ETERNALEQN,305.0,308.1,302.6,306.75,306.15,0.6,0.2,15527965.0
2025-11-19,RELIANCE,RELIANCEEQN,1517.4,1522.3,1512.0,1519.0,1519.4,-0.4,-0.03,5689720.0
2025-11-19,HDFCLIFE,HDFCLIFEEQN,760.6,762.0,755.65,761.6,761.8,-0.2,-0.03,950945.0
2025-11-19,ULTRACEMCO,ULTRACEMCOEQN,11707.0,11754.0,11638.0,11681.0,11707.0,-26.0,-0.22,271346.0
2025-11-19,ADANIENT,ADANIENTEQN,2446.5,2449.9,2413.9,2431.0,2436.8,-5.8,-0.24,774729.0
2025-11-19,BAJAJFINSV,BAJAJFINSVEQN,2059.4,2059.4,2035.0,2045.0,2050.2,-5.2,-0.25,704796.0
2025-11-19,JIOFIN,JIOFINEQN,305.85,306.4,303.6,304.65,305.95,-1.3,-0.42,5876923.0
2025-11-19,ASIANPAINT,ASIANPAINTEQN,2914.0,2916.0,2887.2,2892.0,2906.0,-14.0,-0.48,1387740.0
2025-11-19,TRENT,TRENTEQN,4380.0,4388.9,4330.9,4352.2,4374.0,-21.8,-0.5,593949.0
2025-11-19,SHRIRAMFIN,SHRIRAMFINEQN,824.15,826.7,815.8,816.0,820.2,-4.2,-0.51,3711277.0
2025-11-19,ITC,ITCEQN,404.85,405.55,402.8,403.7,405.85,-2.15,-0.53,7881436.0
2025-11-19,BAJAJ-AUTO,BAJAJ-AUTOEQN,8950.0,8975.0,8863.5,8872.0,8921.0,-49.0,-0.55,326284.0
2025-11-19,HINDALCO,HINDALCOEQN,797.15,798.8,790.0,792.0,797.15,-5.15,-0.65,3005463.0
2025-11-19,GRASIM,GRASIMEQN,2770.0,2774.0,2739.1,2743.0,2762.0,-19.0,-0.69,468940.0
2025-11-19,NTPC,NTPCEQN,328.95,328.95,325.05,326.1,328.45,-2.35,-0.72,6934713.0
2025-11-19,ADANIPORTS,ADANIPORTSEQN,1499.0,1499.5,1478.0,1484.0,1495.0,-11.0,-0.74,1746021.0
2025-11-19,BAJFINANCE,BAJFINANCEEQN,1009.0,1016.1,1004.6,1005.8,1013.6,-7.8,-0.77,5158045.0
2025-11-19,MARUTI,MARUTIEQN,15950.0,15950.0,15715.0,15740.0,15930.0,-190.0,-1.19,286208.0
2025-11-19,COALINDIA,COALINDIAEQN,383.1,383.85,378.45,379.3,383.95,-4.65,-1.21,5330423.0
2025-11-19,TMPV,TMPVEQN,371.2,371.25,360.35,361.0,371.3,-10.3,-2.77,17846244.0
2025-11-20,NIFTY 50,NIFTY 50,26132.1,26246.65,26063.2,26192.15,26052.65,139.5,0.54,
2025-11-20,EICHERMOT,EICHERMOTEQN,6906.0,7138.0,6886.5,7125.0,6896.5,228.5,3.31,857096.0
2025-11-20,BAJFINANCE,BAJFINANCEEQN,1015.0,1031.7,1007.3,1028.7,1005.6,23.1,2.3,5458457.0
2025-11-20,BAJAJFINSV,BAJAJFINSVEQN,2064.7,2105.0,2042.9,2097.2,2050.2,47.0,2.29,1576279.0
2025-11-20,RELIANCE,RELIANCEEQN,1530.0,1550.9,1526.7,1549.5,1518.9,30.6,2.01,18168875.0
2025-11-20,TECHM,TECHMEQN,1445.3,1464.7,1430.7,1460.0,1433.9,26.1,1.82,2818139.0
2025-11-20,JIOFIN,JIOFINEQN,305.6,309.6,305.2,308.8,304.45,4.35,1.43,7778706.0
2025-11-20,HDFCBANK,HDFCBANKEQN,995.3,1011.6,992.45,1008.6,994.6,14.0,1.41,19850441.0
2025-11-20,SBILIFE,SBILIFEEQN,2013.9,2032.0,2000.0,2030.0,2004.8,25.2,1.26,805726.0
2025-11-20,AXISBANK,AXISBANKEQN,1275.0,1287.3,1262.6,1286.2,1270.4,15.8,1.24,4617286.0
2025-11-20,HINDALCO,HINDALCOEQN,799.8,802.65,789.3,800.1,790.95,9.15,1.16,6016421.0
2025-11-20,BAJAJ-AUTO,BAJAJ-AUTOEQN,8924.0,9005.0,8890.0,8984.0,8884.5,99.5,1.12,189773.0
2025-11-20,TRENT,TRENTEQN,4352.2,4417.8,4352.1,4398.0,4358.9,39.1,0.9,513678.0
2025-11-20,SHRIRAMFIN,SHRIRAMFINEQN,822.0,828.7,816.5,824.65,818.05,6.6,0.81,3187800.0
2025-11-20,POWERGRID,POWERGRIDEQN,275.25,279.05,274.5,277.2,275.15,2.05,0.75,15337204.0
2025-11-20,ULTRACEMCO,ULTRACEMCOEQN,11720.0,11773.0,11661.0,11751.0,11666.0,85.0,0.73,185395.0
2025-11-20,INDIGO,INDIGOEQN,5761.5,5836.0,5750.0,5800.0,5758.5,41.5,0.72,429190.0
2025-11-20,ADANIENT,ADANIENTEQN,2450.1,2478.9,2440.4,2448.0,2433.1,14.9,0.61,1526320.0
2025-11-20,TATACONSUM,TATACONSUMEQN,1164.9,1179.4,1163.0,1169.0,1162.1,6.9,0.59,2193828.0
2025-11-20,ITC,ITCEQN,403.55,407.0,403.25,405.6,403.55,2.05,0.51,6690732.0
2025-11-20,HDFCLIFE,HDFCLIFEEQN,760.7,765.15,750.1,765.0,761.1,3.9,0.51,2612075.0
2025-11-20,ADANIPORTS,ADANIPORTSEQN,1500.0,1505.0,1487.6,1490.4,1484.2,6.2,0.42,1459297.0
2025-11-20,LT,LTEQN,4035.0,4048.0,4007.7,4035.1,4019.6,15.5,0.39,1463519.0
2025-11-20,MAXHEALTH,MAXHEALTHEQN,1166.0,1172.0,1147.9,1168.8,1164.4,4.4,0.38,2784593.0
2025-11-20,MARUTI,MARUTIEQN,15810.0,15823.0,15618.0,15822.0,15768.0,54.0,0.34,249487.0
2025-11-20,JSWSTEEL,JSWSTEELEQN,1170.6,1174.9,1161.0,1168.0,1164.9,3.1,0.27,908753.0
2025-11-20,COALINDIA,COALINDIAEQN,381.0,381.25,377.55,379.9,379.05,0.85,0.22,3970398.0
2025-11-20,GRASIM,GRASIMEQN,2760.0,2764.3,2745.0,2750.0,2744.7,5.3,0.19,519339.0
2025-11-20,ETERNAL,ETERNALEQN,308.5,308.65,304.6,307.05,306.6,0.45,0.15,13513996.0
2025-11-20,WIPRO,WIPROEQN,247.5,247.8,245.71,246.38,246.07,0.31,0.13,6705688.0
2025-11-20,CIPLA,CIPLAEQN,1526.9,1534.8,1519.4,1528.3,1526.8,1.5,0.1,896655.0
2025-11-20,NTPC,NTPCEQN,328.0,330.0,326.2,326.85,326.6,0.25,0.08,5155140.0
2025-11-20,TCS,TCSEQN,3148.0,3164.5,3138.1,3149.8,3147.7,2.1,0.07,2700604.0
2025-11-20,BEL,BELEQN,425.0,427.2,422.2,423.5,423.2,0.3,0.07,10461850.0
2025-11-20,BHARTIARTL,BHARTIARTLEQN,2153.1,2169.3,2149.9,2160.0,2159.8,0.2,0.01,7452825.0
2025-11-20,ICICIBANK,ICICIBANKEQN,1380.1,1388.3,1375.4,1382.0,1383.1,-1.1,-0.08,10131199.0
2025-11-20,NESTLEIND,NESTLEINDEQN,1288.0,1288.6,1275.2,1278.0,1279.0,-1.0,-0.08,796772.0
2025-11-20,SBIN,SBINEQN,986.0,986.6,979.35,981.05,982.75,-1.7,-0.17,6439792.0
2025-11-20,DRREDDY,DRREDDYEQN,1255.0,1255.0,1237.7,1247.4,1250.2,-2.8,-0.22,854973.0
2025-11-20,APOLLOHOSP,APOLLOHOSPEQN,7481.0,7491.0,7415.0,7440.0,7459.0,-19.0,-0.25,228360.0
2025-11-20,M&M,M&MEQN,3744.8,3759.0,3711.1,3711.8,3722.5,-10.7,-0.29,1815568.0
2025-11-20,TMPV,TMPVEQN,362.0,364.4,359.25,359.8,360.85,-1.05,-0.29,15996789.0
2025-11-20,INFY,INFYEQN,1555.0,1555.0,1534.0,1536.3,1541.1,-4.8,-0.31,7384489.0
2025-11-20,KOTAKBANK,KOTAKBANKEQN,2114.8,2114.8,2093.2,2098.0,2105.9,-7.9,-0.38,7339852.0
2025-11-20,SUNPHARMA,SUNPHARMAEQN,1790.0,1792.0,1773.1,1776.8,1784.1,-7.3,-0.41,1513793.0
2025-11-20,TATASTEEL,TATASTEELEQN,174.1,174.36,172.26,172.4,173.21,-0.81,-0.47,15965205.0
2025-11-20,ONGC,ONGCEQN,249.0,251.1,247.6,247.8,249.0,-1.2,-0.48,6918042.0
2025-11-20,HINDUNILVR,HINDUNILVREQN,2445.1,2459.0,2425.0,2429.0,2441.6,-12.6,-0.52,1396780.0
2025-11-20,TITAN,TITANEQN,3950.0,3956.0,3895.0,3900.0,3933.1,-33.1,-0.84,762354.0
2025-11-20,HCLTECH,HCLTECHEQN,1662.6,1668.4,1642.6,1644.4,1662.6,-18.2,-1.09,2723719.0
2025-11-20,ASIANPAINT,ASIANPAINTEQN,2897.4,2906.1,2852.5,2860.0,2893.7,-33.7,-1.16,1062716.0
2025-11-21,NIFTY 50,NIFTY 50,26109.55,26179.2,26052.2,26068.15,26192.15,-124.0,-0.47,
2025-11-21,MARUTI,MARUTIEQN,15790.0,16150.0,15737.0,16010.0,15801.0,209.0,1.32,586344.0
2025-11-21,TATACONSUM,TATACONSUMEQN,1173.9,1187.0,1162.5,1184.5,1173.9,10.6,0.9,3194299.0
2025-11-21,MAXHEALTH,MAXHEALTHEQN,1160.0,1183.9,1160.0,1179.1,1168.9,10.2,0.87,2258456.0
2025-11-21,INDIGO,INDIGOEQN,5785.0,5873.5,5755.0,5835.0,5785.5,49.5,0.86,410050.0
2025-11-21,M&M,M&MEQN,3730.0,3779.0,3726.0,3747.0,3716.7,30.3,0.82,3184127.0
2025-11-21,TMPV,TMPVEQN,359.0,364.25,358.0,362.5,359.8,2.7,0.75,10823341.0
2025-11-21,ITC,ITCEQN,405.0,408.5,404.7,408.0,405.45,2.55,0.63,5806102.0
2025-11-21,ASIANPAINT,ASIANPAINTEQN,2869.0,2895.6,2854.1,2876.0,2859.8,16.2,0.57,857326.0
2025-11-21,INFY,INFYEQN,1531.0,1551.5,1526.3,1544.1,1536.5,7.6,0.49,9184780.0
2025-11-21,HINDUNILVR,HINDUNILVREQN,2436.2,2443.2,2413.0,2440.0,2428.4,11.6,0.48,1840665.0
2025-11-21,TECHM,TECHMEQN,1455.0,1469.0,1440.0,1461.5,1456.0,5.5,0.38,2615039.0
2025-11-21,BHARTIARTL,BHARTIARTLEQN,2150.1,2174.5,2148.6,2165.0,2158.3,6.7,0.31,6720935.0
2025-11-21,SUNPHARMA,SUNPHARMAEQN,1778.0,1787.4,1773.7,1782.7,1777.4,5.3,0.3,2199294.0
2025-11-21,EICHERMOT,EICHERMOTEQN,7125.5,7205.0,7088.5,7139.0,7125.5,13.5,0.19,654122.0
2025-11-21,TCS,TCSEQN,3144.8,3170.0,3135.2,3150.0,3144.8,5.2,0.17,4176911.0
2025-11-21,POWERGRID,POWERGRIDEQN,277.2,279.0,275.4,277.6,277.2,0.4,0.14,12939820.0
2025-11-21,HDFCLIFE,HDFCLIFEEQN,760.0,766.2,758.6,762.8,762.2,0.6,0.08,2712539.0
2025-11-21,TITAN,TITANEQN,3901.0,3925.0,3882.1,3902.1,3902.4,-0.3,-0.01,383295.0
2025-11-21,NTPC,NTPCEQN,326.85,328.4,325.0,326.4,326.6,-0.2,-0.06,6142324.0
2025-11-21,NESTLEIND,NESTLEINDEQN,1275.0,1288.9,1273.0,1277.7,1279.2,-1.5,-0.12,673196.0
2025-11-21,COALINDIA,COALINDIAEQN,378.0,380.35,377.55,378.5,379.65,-1.15,-0.3,3087741.0
2025-11-21,LT,LTEQN,4026.0,4057.0,4015.2,4025.0,4037.4,-12.4,-0.31,1241081.0
2025-11-21,ULTRACEMCO,ULTRACEMCOEQN,11758.0,11788.0,11691.0,11717.0,11753.0,-36.0,-0.31,192015.0
2025-11-21,RELIANCE,RELIANCEEQN,1541.0,1557.8,1540.1,1543.7,1549.1,-5.4,-0.35,9615088.0
2025-11-21,APOLLOHOSP,APOLLOHOSPEQN,7425.5,7435.0,7381.5,7393.0,7423.0,-30.0,-0.4,138605.0
2025-11-21,DRREDDY,DRREDDYEQN,1244.8,1250.7,1237.1,1243.5,1248.6,-5.1,-0.41,940995.0
2025-11-21,SBILIFE,SBILIFEEQN,2026.9,2030.5,2016.6,2018.2,2027.1,-8.9,-0.44,506476.0
2025-11-21,SHRIRAMFIN,SHRIRAMFINEQN,825.0,832.0,810.6,822.15,826.6,-4.45,-0.54,3831173.0
2025-11-21,TRENT,TRENTEQN,4397.0,4397.0,4355.0,4364.0,4388.9,-24.9,-0.57,411247.0
2025-11-21,KOTAKBANK,KOTAKBANKEQN,2100.0,2111.5,2078.5,2086.5,2098.7,-12.2,-0.58,7837533.0
2025-11-21,ONGC,ONGCEQN,247.05,248.3,246.2,246.4,248.05,-1.65,-0.67,7588498.0
2025-11-21,WIPRO,WIPROEQN,245.0,247.25,243.61,244.61,246.26,-1.65,-0.67,5514697.0
2025-11-21,AXISBANK,AXISBANKEQN,1284.0,1284.5,1273.0,1275.2,1285.2,-10.0,-0.78,6363068.0
2025-11-21,ADANIPORTS,ADANIPORTSEQN,1492.0,1492.3,1467.1,1479.3,1491.1,-11.8,-0.79,1165198.0
2025-11-21,SBIN,SBINEQN,979.7,980.6,971.05,972.45,981.55,-9.1,-0.93,5375922.0
2025-11-21,GRASIM,GRASIMEQN,2750.0,2756.9,2723.0,2723.0,2748.6,-25.6,-0.93,471617.0
2025-11-21,BAJAJ-AUTO,BAJAJ-AUTOEQN,8950.0,8957.5,8862.0,8890.0,8979.5,-89.5,-1.0,320248.0
2025-11-21,ICICIBANK,ICICIBANKEQN,1373.0,1376.0,1364.6,1369.0,1383.0,-14.0,-1.01,11483331.0
2025-11-21,HDFCBANK,HDFCBANKEQN,1003.1,1008.3,996.55,998.0,1008.85,-10.85,-1.08,17499379.0
2025-11-21,ADANIENT,ADANIENTEQN,2450.0,2456.2,2418.0,2419.0,2446.1,-27.1,-1.11,547454.0
2025-11-21,CIPLA,CIPLAEQN,1521.1,1527.0,1507.7,1509.5,1529.2,-19.7,-1.29,1126636.0
2025-11-21,BEL,BELEQN,421.5,423.35,415.5,417.2,423.0,-5.8,-1.37,8392465.0
2025-11-21,JIOFIN,JIOFINEQN,307.0,308.35,303.0,303.9,308.35,-4.45,-1.44,5970937.0
2025-11-21,ETERNAL,ETERNALEQN,304.95,305.95,301.0,302.0,306.9,-4.9,-1.6,13725999.0
2025-11-21,BAJAJFINSV,BAJAJFINSVEQN,2100.0,2100.0,2045.1,2056.9,2095.6,-38.7,-1.85,1019775.0
2025-11-21,HCLTECH,HCLTECHEQN,1636.0,1643.5,1606.0,1608.8,1645.4,-36.6,-2.22,2958602.0
2025-11-21,BAJFINANCE,BAJFINANCEEQN,1020.0,1027.6,1001.5,1005.0,1028.6,-23.6,-2.29,6303438.0
2025-11-21,TATASTEEL,TATASTEELEQN,171.8,171.9,167.7,168.0,172.46,-4.46,-2.59,28401733.0
2025-11-21,HINDALCO,HINDALCOEQN,786.0,787.0,776.25,777.35,799.8,-22.45,-2.81,5098069.0
2025-11-21,JSWSTEEL,JSWSTEELEQN,1166.0,1166.9,1133.1,1135.9,1170.0,-34.1,-2.91,1045371.0
2025-11-22,NIFTY 50,NIFTY 50,26109.55,26179.2,26052.2,26068.15,26192.15,-124.0,-0.47,
2025-11-22,MARUTI,MARUTIEQN,15790.0,16150.0,15737.0,16010.0,15801.0,209.0,1.32,586351.0
2025-11-22,TATACONSUM,TATACONSUMEQN,1173.9,1187.0,1162.5,1184.5,1173.9,10.6,0.9,3194549.0
2025-11-22,MAXHEALTH,MAXHEALTHEQN,1160.0,1183.9,1160.0,1179.1,1168.9,10.2,0.87,2258525.0
2025-11-22,INDIGO,INDIGOEQN,5785.0,5873.5,5755.0,5835.0,5785.5,49.5,0.86,410054.0
2025-11-22,M&M,M&MEQN,3730.0,3779.0,3726.0,3747.0,3716.7,30.3,0.82,3184145.0
2025-11-22,TMPV,TMPVEQN,359.0,364.25,358.0,362.5,359.8,2.7,0.75,10829320.0
2025-11-22,ITC,ITCEQN,405.0,408.5,404.7,408.0,405.45,2.55,0.63,5808131.0
2025-11-22,ASIANPAINT,ASIANPAINTEQN,2869.0,2895.6,2854.1,2876.0,2859.8,16.2,0.57,857340.0
2025-11-22,INFY,INFYEQN,1531.0,1551.5,1526.3,1544.1,1536.5,7.6,0.49,9186302.0
2025-11-22,HINDUNILVR,HINDUNILVREQN,2436.2,2443.2,2413.0,2440.0,2428.4,11.6,0.48,1840712.0
2025-11-22,TECHM,TECHMEQN,1455.0,1469.0,1440.0,1461.5,1456.0,5.5,0.38,2615232.0
2025-11-22,BHARTIARTL,BHARTIARTLEQN,2150.1,2174.5,2148.6,2165.0,2158.3,6.7,0.31,6720938.0
2025-11-22,SUNPHARMA,SUNPHARMAEQN,1778.0,1787.4,1773.7,1782.7,1777.4,5.3,0.3,2199311.0
2025-11-22,EICHERMOT,EICHERMOTEQN,7125.5,7205.0,7088.5,7139.0,7125.5,13.5,0.19,654156.0
2025-11-22,TCS,TCSEQN,3144.8,3170.0,3135.2,3150.0,3144.8,5.2,0.17,4177037.0
2025-11-22,POWERGRID,POWERGRIDEQN,277.2,279.0,275.4,277.6,277.2,0.4,0.14,12941485.0
2025-11-22,HDFCLIFE,HDFCLIFEEQN,760.0,766.2,758.6,762.8,762.2,0.6,0.08,2712721.0
2025-11-22,TITAN,TITANEQN,3901.0,3925.0,3882.1,3902.1,3902.4,-0.3,-0.01,383311.0
2025-11-22,NTPC,NTPCEQN,326.85,328.4,325.0,326.4,326.6,-0.2,-0.06,6142545.0
2025-11-22,NESTLEIND,NESTLEINDEQN,1275.0,1288.9,1273.0,1277.7,1279.2,-1.5,-0.12,673231.0
2025-11-22,COALINDIA,COALINDIAEQN,378.0,380.35,377.55,378.5,379.65,-1.15,-0.3,3088629.0
2025-11-22,LT,LTEQN,4026.0,4057.0,4015.2,4025.0,4037.4,-12.4,-0.31,1241149.0
2025-11-22,ULTRACEMCO,ULTRACEMCOEQN,11758.0,11788.0,11691.0,11717.0,11753.0,-36.0,-0.31,192051.0
2025-11-22,RELIANCE,RELIANCEEQN,1541.0,1557.8,1540.1,1543.7,1549.1,-5.4,-0.35,9615271.0
2025-11-22,APOLLOHOSP,APOLLOHOSPEQN,7425.5,7435.0,7381.5,7393.0,7423.0,-30.0,-0.4,138622.0
2025-11-22,DRREDDY,DRREDDYEQN,1244.8,1250.7,1237.1,1243.5,1248.6,-5.1,-0.41,941902.0
2025-11-22,SBILIFE,SBILIFEEQN,2026.9,2030.5,2016.6,2018.2,2027.1,-8.9,-0.44,506477.0
2025-11-22,SHRIRAMFIN,SHRIRAMFINEQN,825.0,832.0,810.6,822.15,826.6,-4.45,-0.54,3831244.0
2025-11-22,TRENT,TRENTEQN,4397.0,4397.0,4355.0,4364.0,4388.9,-24.9,-0.57,411274.0
2025-11-22,KOTAKBANK,KOTAKBANKEQN,2100.0,2111.5,2078.5,2086.5,2098.7,-12.2,-0.58,7838842.0
2025-11-22,ONGC,ONGCEQN,247.05,248.3,246.2,246.4,248.05,-1.65,-0.67,7589240.0
2025-11-22,WIPRO,WIPROEQN,245.0,247.25,243.61,244.61,246.26,-1.65,-0.67,5516450.0
2025-11-22,AXISBANK,AXISBANKEQN,1284.0,1284.5,1273.0,1275.2,1285.2,-10.0,-0.78,6363593.0
2025-11-22,ADANIPORTS,ADANIPORTSEQN,1492.0,1492.3,1467.1,1479.3,1491.1,-11.8,-0.79,1165365.0
2025-11-22,SBIN,SBINEQN,979.7,980.6,971.05,972.45,981.55,-9.1,-0.93,5377241.0
2025-11-22,GRASIM,GRASIMEQN,2750.0,2756.9,2723.0,2723.0,2748.6,-25.6,-0.93,471626.0
2025-11-22,BAJAJ-AUTO,BAJAJ-AUTOEQN,8950.0,8957.5,8862.0,8890.0,8979.5,-89.5,-1.0,320271.0
2025-11-22,ICICIBANK,ICICIBANKEQN,1373.0,1376.0,1364.6,1369.0,1383.0,-14.0,-1.01,11483595.0
2025-11-22,HDFCBANK,HDFCBANKEQN,1003.1,1008.3,996.55,998.0,1008.85,-10.85,-1.08,17499897.0
2025-11-22,ADANIENT,ADANIENTEQN,2450.0,2456.2,2418.0,2419.0,2446.1,-27.1,-1.11,547541.0
2025-11-22,CIPLA,CIPLAEQN,1521.1,1527.0,1507.7,1509.5,1529.2,-19.7,-1.29,1126820.0
2025-11-22,BEL,BELEQN,421.5,423.35,415.5,417.2,423.0,-5.8,-1.37,8395038.0
2025-11-22,JIOFIN,JIOFINEQN,307.0,308.35,303.0,303.9,308.35,-4.45,-1.44,5973657.0
2025-11-22,ETERNAL,ETERNALEQN,304.95,305.95,301.0,302.0,306.9,-4.9,-1.6,13729180.0
2025-11-22,BAJAJFINSV,BAJAJFINSVEQN,2100.0,2100.0,2045.1,2056.9,2095.6,-38.7,-1.85,1019782.0
2025-11-22,HCLTECH,HCLTECHEQN,1636.0,1643.5,1606.0,1608.8,1645.4,-36.6,-2.22,2958835.0
2025-11-22,BAJFINANCE,BAJFINANCEEQN,1020.0,1027.6,1001.5,1005.0,1028.6,-23.6,-2.29,6304584.0
2025-11-22,TATASTEEL,TATASTEELEQN,171.8,171.9,167.7,168.0,172.46,-4.46,-2.59,28412865.0
2025-11-22,HINDALCO,HINDALCOEQN,786.0,787.0,776.25,777.35,799.8,-22.45,-2.81,5099356.0
2025-11-22,JSWSTEEL,JSWSTEELEQN,1166.0,1166.9,1133.1,1135.9,1170.0,-34.1,-2.91,1045627.0
2025-11-23,NIFTY 50,NIFTY 50,26109.55,26179.2,26052.2,26068.15,26192.15,-124.0,-0.47,
2025-11-23,MARUTI,MARUTIEQN,15790.0,16150.0,15737.0,16010.0,15801.0,209.0,1.32,586351.0
2025-11-23,TATACONSUM,TATACONSUMEQN,1173.9,1187.0,1162.5,1184.5,1173.9,10.6,0.9,3194549.0
2025-11-23,MAXHEALTH,MAXHEALTHEQN,1160.0,1183.9,1160.0,1179.1,1168.9,10.2,0.87,2258525.0
2025-11-23,INDIGO,INDIGOEQN,5785.0,5873.5,5755.0,5835.0,5785.5,49.5,0.86,410054.0
2025-11-23,M&M,M&MEQN,3730.0,3779.0,3726.0,3747.0,3716.7,30.3,0.82,3184145.0
2025-11-23,TMPV,TMPVEQN,359.0,364.25,358.0,362.5,359.8,2.7,0.75,10829320.0
2025-11-23,ITC,ITCEQN,405.0,408.5,404.7,408.0,405.45,2.55,0.63,5808131.0
2025-11-23,ASIANPAINT,ASIANPAINTEQN,2869.0,2895.6,2854.1,2876.0,2859.8,16.2,0.57,857340.0
2025-11-23,INFY,INFYEQN,1531.0,1551.5,1526.3,1544.1,1536.5,7.6,0.49,9186302.0
2025-11-23,HINDUNILVR,HINDUNILVREQN,2436.2,2443.2,2413.0,2440.0,2428.4,11.6,0.48,1840712.0
2025-11-23,TECHM,TECHMEQN,1455.0,1469.0,1440.0,1461.5,1456.0,5.5,0.38,2615232.0
2025-11-23,BHARTIARTL,BHARTIARTLEQN,2150.1,2174.5,2148.6,2165.0,2158.3,6.7,0.31,6720938.0
2025-11-23,SUNPHARMA,SUNPHARMAEQN,1778.0,1787.4,1773.7,1782.7,1777.4,5.3,0.3,2199311.0
2025-11-23,EICHERMOT,EICHERMOTEQN,7125.5,7205.0,7088.5,7139.0,7125.5,13.5,0.19,654156.0
2025-11-23,TCS,TCSEQN,3144.8,3170.0,3135.2,3150.0,3144.8,5.2,0.17,4177037.0
2025-11-23,POWERGRID,POWERGRIDEQN,277.2,279.0,275.4,277.6,277.2,0.4,0.14,12941485.0
2025-11-23,HDFCLIFE,HDFCLIFEEQN,760.0,766.2,758.6,762.8,762.2,0.6,0.08,2712721.0
2025-11-23,TITAN,TITANEQN,3901.0,3925.0,3882.1,3902.1,3902.4,-0.3,-0.01,383311.0
2025-11-23,NTPC,NTPCEQN,326.85,328.4,325.0,326.4,326.6,-0.2,-0.06,6142545.0
2025-11-23,NESTLEIND,NESTLEINDEQN,1275.0,1288.9,1273.0,1277.7,1279.2,-1.5,-0.12,673231.0
2025-11-23,COALINDIA,COALINDIAEQN,378.0,380.35,377.55,378.5,379.65,-1.15,-0.3,3088629.0
2025-11-23,LT,LTEQN,4026.0,4057.0,4015.2,4025.0,4037.4,-12.4,-0.31,1241149.0
2025-11-23,ULTRACEMCO,ULTRACEMCOEQN,11758.0,11788.0,11691.0,11717.0,11753.0,-36.0,-0.31,192051.0
2025-11-23,RELIANCE,RELIANCEEQN,1541.0,1557.8,1540.1,1543.7,1549.1,-5.4,-0.35,9615271.0
2025-11-23,APOLLOHOSP,APOLLOHOSPEQN,7425.5,7435.0,7381.5,7393.0,7423.0,-30.0,-0.4,138622.0
2025-11-23,DRREDDY,DRREDDYEQN,1244.8,1250.7,1237.1,1243.5,1248.6,-5.1,-0.41,941902.0
2025-11-23,SBILIFE,SBILIFEEQN,2026.9,2030.5,2016.6,2018.2,2027.1,-8.9,-0.44,506477.0
2025-11-23,SHRIRAMFIN,SHRIRAMFINEQN,825.0,832.0,810.6,822.15,826.6,-4.45,-0.54,3831244.0
2025-11-23,TRENT,TRENTEQN,4397.0,4397.0,4355.0,4364.0,4388.9,-24.9,-0.57,411274.0
2025-11-23,KOTAKBANK,KOTAKBANKEQN,2100.0,2111.5,2078.5,2086.5,2098.7,-12.2,-0.58,7838842.0
2025-11-23,ONGC,ONGCEQN,247.05,248.3,246.2,246.4,248.05,-1.65,-0.67,7589240.0
2025-11-23,WIPRO,WIPROEQN,245.0,247.25,243.61,244.61,246.26,-1.65,-0.67,5516450.0
2025-11-23,AXISBANK,AXISBANKEQN,1284.0,1284.5,1273.0,1275.2,1285.2,-10.0,-0.78,6363593.0
2025-11-23,ADANIPORTS,ADANIPORTSEQN,1492.0,1492.3,1467.1,1479.3,1491.1,-11.8,-0.79,1165365.0
2025-11-23,SBIN,SBINEQN,979.7,980.6,971.05,972.45,981.55,-9.1,-0.93,5377241.0
2025-11-23,GRASIM,GRASIMEQN,2750.0,2756.9,2723.0,2723.0,2748.6,-25.6,-0.93,471626.0
2025-11-23,BAJAJ-AUTO,BAJAJ-AUTOEQN,8950.0,8957.5,8862.0,8890.0,8979.5,-89.5,-1.0,320271.0
2025-11-23,ICICIBANK,ICICIBANKEQN,1373.0,1376.0,1364.6,1369.0,1383.0,-14.0,-1.01,11483595.0
2025-11-23,HDFCBANK,HDFCBANKEQN,1003.1,1008.3,996.55,998.0,1008.85,-10.85,-1.08,17499897.0
2025-11-23,ADANIENT,ADANIENTEQN,2450.0,2456.2,2418.0,2419.0,2446.1,-27.1,-1.11,547541.0
2025-11-23,CIPLA,CIPLAEQN,1521.1,1527.0,1507.7,1509.5,1529.2,-19.7,-1.29,1126820.0
2025-11-23,BEL,BELEQN,421.5,423.35,415.5,417.2,423.0,-5.8,-1.37,8395038.0
2025-11-23,JIOFIN,JIOFINEQN,307.0,308.35,303.0,303.9,308.35,-4.45,-1.44,5973657.0
2025-11-23,ETERNAL,ETERNALEQN,304.95,305.95,301.0,302.0,306.9,-4.9,-1.6,13729180.0
2025-11-23,BAJAJFINSV,BAJAJFINSVEQN,2100.0,2100.0,2045.1,2056.9,2095.6,-38.7,-1.85,1019782.0
2025-11-23,HCLTECH,HCLTECHEQN,1636.0,1643.5,1606.0,1608.8,1645.4,-36.6,-2.22,2958835.0
2025-11-23,BAJFINANCE,BAJFINANCEEQN,1020.0,1027.6,1001.5,1005.0,1028.6,-23.6,-2.29,6304584.0
2025-11-23,TATASTEEL,TATASTEELEQN,171.8,171.9,167.7,168.0,172.46,-4.46,-2.59,28412865.0
2025-11-23,HINDALCO,HINDALCOEQN,786.0,787.0,776.25,777.35,799.8,-22.45,-2.81,5099356.0
2025-11-23,JSWSTEEL,JSWSTEELEQN,1166.0,1166.9,1133.1,1135.9,1170.0,-34.1,-2.91,1045627.0
2025-11-24,NIFTY 50,NIFTY 50,26122.8,26142.8,25912.15,25959.5,26068.15,-108.65000000000146,-0.42,
2025-11-24,SBILIFE,SBILIFEEQN,2027.0,2086.6,2005.0,2075.0,2022.5,52.5,2.6,2592727.0
2025-11-24,TECHM,TECHMEQN,1470.0,1513.8,1461.8,1496.8,1461.5,35.3,2.42,6808517.0
2025-11-24,EICHERMOT,EICHERMOTEQN,7151.5,7284.5,7135.0,7250.0,7134.5,115.5,1.62,1228805.0
2025-11-24,BAJAJ-AUTO,BAJAJ-AUTOEQN,8905.0,9049.0,8857.5,9015.0,8892.0,123.0,1.38,466186.0
2025-11-24,WIPRO,WIPROEQN,245.02,249.38,245.02,247.44,244.49,2.95,1.21,19709259.0
2025-11-24,SHRIRAMFIN,SHRIRAMFINEQN,825.0,839.5,821.1,827.0,823.3,3.7,0.45,8140163.0
2025-11-24,ASIANPAINT,ASIANPAINTEQN,2876.0,2896.5,2864.5,2888.0,2876.6,11.4,0.4,5404262.0
2025-11-24,ADANIPORTS,ADANIPORTSEQN,1482.0,1490.2,1471.3,1485.3,1479.8,5.5,0.37,2485387.0
2025-11-24,HCLTECH,HCLTECHEQN,1614.3,1640.0,1602.9,1612.0,1608.0,4.0,0.25,6392662.0
2025-11-24,SUNPHARMA,SUNPHARMAEQN,1785.9,1785.9,1771.8,1782.0,1779.7,2.3,0.13,3434492.0
2025-11-24,INFY,INFYEQN,1563.6,1585.0,1541.0,1546.2,1545.0,1.2,0.08,19268757.0
2025-11-24,TATACONSUM,TATACONSUMEQN,1188.5,1194.7,1171.8,1183.0,1183.1,-0.1,-0.01,4765156.0
2025-11-24,HDFCBANK,HDFCBANKEQN,1000.0,1011.45,993.6,997.85,998.05,-0.2,-0.02,32203749.0
2025-11-24,KOTAKBANK,KOTAKBANKEQN,2095.0,2104.0,2077.4,2087.3,2087.8,-0.5,-0.02,4984541.0
2025-11-24,ICICIBANK,ICICIBANKEQN,1373.3,1377.0,1361.5,1366.0,1369.5,-3.5,-0.26,15895796.0
2025-11-24,HDFCLIFE,HDFCLIFEEQN,765.5,766.0,759.65,761.85,764.0,-2.15,-0.28,5837944.0
2025-11-24,SBIN,SBINEQN,975.55,977.7,968.05,969.7,972.6,-2.9,-0.3,9897968.0
2025-11-24,TITAN,TITANEQN,3915.5,3937.2,3865.0,3892.2,3904.2,-12.0,-0.31,1258008.0
2025-11-24,MARUTI,MARUTIEQN,16005.0,16085.0,15911.0,15926.0,15977.0,-51.0,-0.32,525776.0
2025-11-24,ETERNAL,ETERNALEQN,296.5,304.25,295.6,300.7,301.95,-1.25,-0.41,42513710.0
2025-11-24,CIPLA,CIPLAEQN,1515.0,1524.8,1500.0,1505.1,1511.8,-6.7,-0.44,2801850.0
2025-11-24,LT,LTEQN,4025.0,4038.0,4003.7,4006.5,4024.9,-18.4,-0.46,1584567.0
2025-11-24,ONGC,ONGCEQN,246.95,247.45,244.3,245.75,246.95,-1.2,-0.49,15874130.0
2025-11-24,HINDALCO,HINDALCOEQN,782.85,788.1,771.85,773.8,777.7,-3.9,-0.5,5666941.0
2025-11-24,TCS,TCSEQN,3158.0,3178.9,3131.0,3134.0,3150.6,-16.6,-0.53,6703621.0
2025-11-24,HINDUNILVR,HINDUNILVREQN,2441.9,2444.9,2413.0,2420.9,2433.7,-12.8,-0.53,4091981.0
2025-11-24,BAJAJFINSV,BAJAJFINSVEQN,2064.0,2064.0,2025.8,2041.0,2052.4,-11.4,-0.56,1422873.0
2025-11-24,NTPC,NTPCEQN,326.7,327.1,322.05,324.75,326.65,-1.9,-0.58,13718747.0
2025-11-24,INDIGO,INDIGOEQN,5953.0,5970.0,5785.0,5805.5,5843.5,-38.0,-0.65,1224489.0
2025-11-24,AXISBANK,AXISBANKEQN,1279.2,1290.9,1266.6,1267.0,1275.8,-8.8,-0.69,10491798.0
2025-11-24,APOLLOHOSP,APOLLOHOSPEQN,7399.0,7421.0,7332.0,7340.0,7391.0,-51.0,-0.69,751683.0
2025-11-24,RELIANCE,RELIANCEEQN,1550.0,1550.0,1531.8,1534.9,1546.6,-11.7,-0.76,18432412.0
2025-11-24,POWERGRID,POWERGRIDEQN,278.0,279.05,272.5,275.5,277.6,-2.1,-0.76,49787936.0
2025-11-24,BHARTIARTL,BHARTIARTLEQN,2162.1,2165.8,2140.4,2145.0,2162.7,-17.7,-0.82,9686802.0
2025-11-24,ITC,ITCEQN,408.4,408.8,402.85,404.2,407.85,-3.65,-0.89,11034939.0
2025-11-24,ADANIENT,ADANIENTEQN,2426.2,2432.3,2393.1,2398.9,2422.3,-23.4,-0.97,691223.0
2025-11-24,BAJFINANCE,BAJFINANCEEQN,1005.0,1009.3,990.0,994.0,1004.1,-10.1,-1.01,9574510.0
2025-11-24,NESTLEIND,NESTLEINDEQN,1285.0,1285.8,1259.5,1267.5,1280.7,-13.2,-1.03,2635912.0
2025-11-24,TRENT,TRENTEQN,4370.0,4370.0,4299.0,4311.0,4359.1,-48.1,-1.1,1144061.0
2025-11-24,JIOFIN,JIOFINEQN,303.3,304.35,299.1,300.2,303.55,-3.35,-1.1,12343167.0
2025-11-24,TMPV,TMPVEQN,362.5,362.85,356.8,357.7,362.25,-4.55,-1.26,12666441.0
2025-11-24,COALINDIA,COALINDIAEQN,378.15,378.2,372.0,373.25,378.2,-4.95,-1.31,5542669.0
2025-11-24,ULTRACEMCO,ULTRACEMCOEQN,11738.0,11738.0,11561.0,11561.0,11729.0,-168.0,-1.43,407179.0
2025-11-24,TATASTEEL,TATASTEELEQN,168.0,168.38,165.18,165.5,168.0,-2.5,-1.49,31199824.0
2025-11-24,DRREDDY,DRREDDYEQN,1248.0,1262.4,1219.0,1224.0,1243.9,-19.9,-1.6,7611874.0
2025-11-24,M&M,M&MEQN,3745.1,3749.5,3677.2,3687.0,3749.6,-62.6,-1.67,4059888.0
2025-11-24,GRASIM,GRASIMEQN,2734.9,2740.3,2679.4,2680.0,2734.8,-54.8,-2.0,917153.0
2025-11-24,MAXHEALTH,MAXHEALTHEQN,1183.9,1185.4,1150.1,1153.1,1181.1,-28.0,-2.37,2825124.0
2025-11-24,JSWSTEEL,JSWSTEELEQN,1142.0,1145.0,1104.3,1113.3,1140.3,-27.0,-2.37,2208872.0
2025-11-24,BEL,BELEQN,414.0,415.35,401.0,402.9,416.35,-13.45,-3.23,23678475.0
2025-11-25,NIFTY 50,NIFTY 50,25998.5,26032.6,25857.5,25884.8,25959.5,-74.70000000000073,-0.29,
2025-11-25,BEL,BELEQN,406.5,412.4,406.0,410.2,403.8,6.4,1.58,14103064.0
2025-11-25,HINDALCO,HINDALCOEQN,777.95,791.75,772.65,785.8,774.65,11.15,1.44,6090693.0
2025-11-25,SBIN,SBINEQN,975.55,988.95,971.35,983.5,970.6,12.9,1.33,9138356.0
2025-11-25,SHRIRAMFIN,SHRIRAMFINEQN,828.2,841.85,827.2,838.6,828.2,10.4,1.26,5415040.0
2025-11-25,DRREDDY,DRREDDYEQN,1236.3,1251.2,1230.3,1236.0,1226.2,9.8,0.8,1982848.0
2025-11-25,SBILIFE,SBILIFEEQN,1972.4,2044.0,1972.4,2031.0,2014.8,16.2,0.8,748071.0
2025-11-25,HDFCLIFE,HDFCLIFEEQN,763.85,770.45,757.65,765.6,761.65,3.95,0.52,1858927.0
2025-11-25,TATASTEEL,TATASTEELEQN,166.0,167.27,165.08,166.16,165.36,0.8,0.48,19972195.0
2025-11-25,ETERNAL,ETERNALEQN,303.0,305.95,300.5,302.4,301.0,1.4,0.47,19302030.0
2025-11-25,BAJAJ-AUTO,BAJAJ-AUTOEQN,9025.0,9145.0,9001.0,9045.0,9007.5,37.5,0.42,482116.0
2025-11-25,JIOFIN,JIOFINEQN,299.75,303.4,299.6,301.1,299.85,1.25,0.42,7121317.0
2025-11-25,RELIANCE,RELIANCEEQN,1535.9,1559.6,1525.1,1540.0,1535.9,4.1,0.27,15027723.0
2025-11-25,BHARTIARTL,BHARTIARTLEQN,2159.0,2170.7,2138.7,2156.6,2152.1,4.5,0.21,7095936.0
2025-11-25,JSWSTEEL,JSWSTEELEQN,1107.3,1123.9,1107.3,1108.3,1106.0,2.3,0.21,1393877.0
2025-11-25,TECHM,TECHMEQN,1501.2,1502.0,1483.5,1497.0,1494.7,2.3,0.15,1675706.0
2025-11-25,BAJAJFINSV,BAJAJFINSVEQN,2039.0,2051.5,2026.4,2032.1,2030.8,1.3,0.06,688264.0
2025-11-25,CIPLA,CIPLAEQN,1500.2,1522.7,1500.2,1504.6,1504.0,0.6,0.04,908293.0
2025-11-25,ASIANPAINT,ASIANPAINTEQN,2899.9,2908.5,2869.0,2878.0,2879.2,-1.2,-0.04,972353.0
2025-11-25,NTPC,NTPCEQN,323.45,325.6,322.5,323.3,323.45,-0.15,-0.05,8072537.0
2025-11-25,AXISBANK,AXISBANKEQN,1269.1,1276.7,1263.7,1267.1,1269.0,-1.9,-0.15,5290038.0
2025-11-25,GRASIM,GRASIMEQN,2688.1,2712.0,2680.0,2683.1,2688.7,-5.6,-0.21,558379.0
2025-11-25,ULTRACEMCO,ULTRACEMCOEQN,11600.0,11647.0,11538.0,11555.0,11584.0,-29.0,-0.25,200144.0
2025-11-25,MARUTI,MARUTIEQN,15958.0,16050.0,15842.0,15910.0,15958.0,-48.0,-0.3,214523.0
2025-11-25,MAXHEALTH,MAXHEALTHEQN,1169.0,1181.9,1151.1,1152.0,1155.8,-3.8,-0.33,1966001.0
2025-11-25,ADANIPORTS,ADANIPORTSEQN,1490.0,1492.4,1474.5,1480.5,1485.9,-5.4,-0.36,1355033.0
2025-11-25,ONGC,ONGCEQN,245.75,247.5,244.6,244.8,245.75,-0.95,-0.39,8977007.0
2025-11-25,NESTLEIND,NESTLEINDEQN,1267.4,1270.9,1250.8,1263.0,1269.2,-6.2,-0.49,1065969.0
2025-11-25,APOLLOHOSP,APOLLOHOSPEQN,7409.0,7409.5,7314.5,7316.0,7354.5,-38.5,-0.52,237396.0
2025-11-25,HINDUNILVR,HINDUNILVREQN,2422.0,2424.2,2406.0,2411.0,2424.2,-13.2,-0.54,1240198.0
2025-11-25,INDIGO,INDIGOEQN,5805.5,5805.5,5750.0,5770.0,5805.5,-35.5,-0.61,478400.0
2025-11-25,WIPRO,WIPROEQN,248.0,248.0,244.0,245.59,247.27,-1.68,-0.68,8187989.0
2025-11-25,COALINDIA,COALINDIAEQN,372.6,373.4,369.6,370.0,372.55,-2.55,-0.68,4898025.0
2025-11-25,TITAN,TITANEQN,3874.4,3908.4,3845.0,3847.1,3874.3,-27.2,-0.7,679301.0
2025-11-25,HCLTECH,HCLTECHEQN,1618.3,1618.9,1592.6,1598.9,1610.4,-11.5,-0.71,2285875.0
2025-11-25,SUNPHARMA,SUNPHARMAEQN,1785.0,1792.1,1766.1,1767.8,1780.8,-13.0,-0.73,1847761.0
2025-11-25,LT,LTEQN,4013.0,4055.5,3981.6,3982.2,4013.3,-31.1,-0.77,1749045.0
2025-11-25,ITC,ITCEQN,403.55,404.5,400.1,400.4,403.55,-3.15,-0.78,8196716.0
2025-11-25,TCS,TCSEQN,3145.3,3149.8,3115.0,3115.7,3141.2,-25.5,-0.81,2737497.0
2025-11-25,EICHERMOT,EICHERMOTEQN,7258.5,7274.5,7180.0,7200.0,7258.5,-58.5,-0.81,521940.0
2025-11-25,M&M,M&MEQN,3687.0,3695.8,3653.0,3660.7,3690.8,-30.1,-0.82,1713890.0
2025-11-25,ICICIBANK,ICICIBANKEQN,1365.0,1376.9,1354.3,1356.9,1368.4,-11.5,-0.84,12233854.0
2025-11-25,BAJFINANCE,BAJFINANCEEQN,995.0,996.9,984.5,985.0,994.0,-9.0,-0.91,6376412.0
2025-11-25,KOTAKBANK,KOTAKBANKEQN,2094.3,2094.3,2066.7,2068.4,2087.3,-18.9,-0.91,3032506.0
2025-11-25,TATACONSUM,TATACONSUMEQN,1188.0,1194.0,1165.7,1174.7,1186.0,-11.3,-0.95,1257945.0
2025-11-25,HDFCBANK,HDFCBANKEQN,1004.0,1006.1,988.4,989.45,999.15,-9.7,-0.97,24987210.0
2025-11-25,POWERGRID,POWERGRIDEQN,275.0,276.9,272.65,272.65,275.8,-3.15,-1.14,12114408.0
2025-11-25,INFY,INFYEQN,1549.0,1550.6,1525.9,1530.2,1548.0,-17.8,-1.15,8106750.0
2025-11-25,TRENT,TRENTEQN,4310.9,4319.5,4235.8,4246.5,4310.9,-64.4,-1.49,1019476.0
2025-11-25,TMPV,TMPVEQN,358.0,358.1,352.0,352.6,358.3,-5.7,-1.59,12573218.0
2025-11-25,ADANIENT,ADANIENTEQN,2400.9,2407.7,2325.3,2329.4,2399.2,-69.8,-2.91,2221102.0
2025-11-26,NIFTY 50,NIFTY 50,25842.95,26215.15,25842.95,26205.3,25884.8,320.5,1.24,
2025-11-26,JSWSTEEL,JSWSTEELEQN,1112.0,1157.0,1112.0,1153.0,1112.0,41.0,3.69,2167193.0
2025-11-26,HDFCLIFE,HDFCLIFEEQN,763.6,788.5,762.75,788.0,766.55,21.45,2.8,3005700.0
2025-11-26,BAJAJFINSV,BAJAJFINSVEQN,2035.0,2088.5,2030.9,2082.0,2030.2,51.8,2.55,928326.0
2025-11-26,BAJFINANCE,BAJFINANCEEQN,986.2,1012.8,981.3,1011.0,986.2,24.8,2.51,9771896.0
2025-11-26,JIOFIN,JIOFINEQN,301.5,308.65,301.5,308.0,300.8,7.2,2.39,8880976.0
2025-11-26,INDIGO,INDIGOEQN,5799.0,5923.0,5781.0,5905.0,5775.0,130.0,2.25,520030.0
2025-11-26,COALINDIA,COALINDIAEQN,371.85,377.7,371.3,377.5,370.05,7.45,2.01,4102015.0
2025-11-26,TATASTEEL,TATASTEELEQN,167.0,169.95,166.9,169.59,166.33,3.26,1.96,15038417.0
2025-11-26,RELIANCE,RELIANCEEQN,1542.3,1571.6,1540.5,1569.6,1539.7,29.9,1.94,14052178.0
2025-11-26,GRASIM,GRASIMEQN,2686.8,2746.6,2686.8,2739.0,2686.8,52.2,1.94,444972.0
2025-11-26,AXISBANK,AXISBANKEQN,1271.9,1292.8,1269.3,1290.0,1266.3,23.7,1.87,4841678.0
2025-11-26,TMPV,TMPVEQN,354.45,362.85,354.3,359.0,352.45,6.55,1.86,13128078.0
2025-11-26,SHRIRAMFIN,SHRIRAMFINEQN,841.95,858.85,838.3,853.5,838.25,15.25,1.82,7052665.0
2025-11-26,WIPRO,WIPROEQN,246.0,250.55,245.62,250.08,245.64,4.44,1.81,8200276.0
2025-11-26,TECHM,TECHMEQN,1498.0,1522.7,1496.2,1521.1,1494.7,26.4,1.77,1592747.0
2025-11-26,INFY,INFYEQN,1532.1,1560.3,1532.1,1557.3,1530.6,26.7,1.74,7573854.0
2025-11-26,ADANIPORTS,ADANIPORTSEQN,1484.3,1523.0,1484.3,1508.1,1483.9,24.2,1.63,3985429.0
2025-11-26,ULTRACEMCO,ULTRACEMCOEQN,11589.0,11773.0,11585.0,11768.0,11580.0,188.0,1.62,187478.0
2025-11-26,SUNPHARMA,SUNPHARMAEQN,1775.5,1806.9,1773.6,1805.5,1776.8,28.7,1.62,1158919.0
2025-11-26,LT,LTEQN,3999.0,4074.6,3998.0,4060.0,3996.7,63.3,1.58,2057986.0
2025-11-26,MARUTI,MARUTIEQN,15950.0,16210.0,15950.0,16140.0,15889.0,251.0,1.58,314944.0
2025-11-26,KOTAKBANK,KOTAKBANKEQN,2075.0,2110.0,2074.1,2102.0,2069.9,32.1,1.55,2979072.0
2025-11-26,HDFCBANK,HDFCBANKEQN,981.3,1006.95,981.3,1005.0,989.8,15.2,1.54,19493729.0
2025-11-26,ETERNAL,ETERNALEQN,300.3,307.15,300.3,306.8,302.3,4.5,1.49,14486666.0
2025-11-26,HINDALCO,HINDALCOEQN,790.15,803.0,787.2,800.8,789.35,11.45,1.45,3842137.0
2025-11-26,TCS,TCSEQN,3118.8,3178.0,3117.0,3162.9,3119.2,43.7,1.4,2508314.0
2025-11-26,ICICIBANK,ICICIBANKEQN,1360.0,1377.0,1359.9,1375.0,1357.8,17.2,1.27,9657813.0
2025-11-26,BEL,BELEQN,410.25,416.5,408.5,415.3,410.25,5.05,1.23,8336327.0
2025-11-26,BAJAJ-AUTO,BAJAJ-AUTOEQN,9054.0,9180.0,9028.0,9156.5,9048.0,108.5,1.2,354094.0
2025-11-26,HCLTECH,HCLTECHEQN,1601.1,1627.5,1601.1,1620.0,1601.1,18.9,1.18,1243168.0
2025-11-26,CIPLA,CIPLAEQN,1505.0,1525.5,1505.0,1525.0,1507.5,17.5,1.16,1087667.0
2025-11-26,TITAN,TITANEQN,3845.0,3914.5,3843.5,3899.6,3855.1,44.5,1.15,364564.0
2025-11-26,TRENT,TRENTEQN,4246.5,4352.6,4246.5,4290.0,4243.9,46.1,1.09,804056.0
2025-11-26,ONGC,ONGCEQN,245.35,248.0,245.05,247.55,245.35,2.2,0.9,7232306.0
2025-11-26,NESTLEIND,NESTLEINDEQN,1257.1,1282.7,1257.1,1274.5,1263.2,11.3,0.89,810801.0
2025-11-26,DRREDDY,DRREDDYEQN,1236.1,1251.0,1234.6,1247.0,1236.1,10.9,0.88,809793.0
2025-11-26,APOLLOHOSP,APOLLOHOSPEQN,7341.5,7402.0,7308.5,7393.5,7330.5,63.0,0.86,272487.0
2025-11-26,NTPC,NTPCEQN,324.3,327.8,324.0,326.4,323.7,2.7,0.83,7100977.0
2025-11-26,TATACONSUM,TATACONSUMEQN,1150.0,1187.0,1150.0,1186.3,1177.7,8.6,0.73,713264.0
2025-11-26,HINDUNILVR,HINDUNILVREQN,2412.0,2427.7,2409.0,2426.1,2414.1,12.0,0.5,1242630.0
2025-11-26,M&M,M&MEQN,3681.0,3708.0,3669.3,3686.4,3669.3,17.1,0.47,2116444.0
2025-11-26,ITC,ITCEQN,401.0,403.95,400.95,402.55,400.8,1.75,0.44,11443126.0
2025-11-26,POWERGRID,POWERGRIDEQN,274.0,276.95,273.5,274.4,273.45,0.95,0.35,8352546.0
2025-11-26,MAXHEALTH,MAXHEALTHEQN,1158.3,1171.9,1154.7,1162.0,1158.1,3.9,0.34,1120846.0
2025-11-26,SBIN,SBINEQN,986.6,999.0,982.15,983.05,983.6,-0.55,-0.06,13941704.0
2025-11-26,ASIANPAINT,ASIANPAINTEQN,2880.0,2896.2,2857.6,2872.0,2875.8,-3.8,-0.13,570256.0
2025-11-26,SBILIFE,SBILIFEEQN,2031.0,2045.0,2024.0,2027.0,2031.0,-4.0,-0.2,826121.0
2025-11-26,EICHERMOT,EICHERMOTEQN,7258.0,7273.0,7180.0,7180.0,7218.5,-38.5,-0.53,313524.0
2025-11-26,ADANIENT,ADANIENTEQN,2321.2,2357.0,2310.0,2313.9,2332.9,-19.0,-0.81,1023233.0
2025-11-26,BHARTIARTL,BHARTIARTLEQN,2104.0,2134.9,2097.5,2127.0,2161.6,-34.6,-1.6,43173467.0
